text,direction,pred_idx,pred_label,pred_label_cn,confidence,prob_left,prob_right,prob_bidirectional,route_final,p_nonleft
考试推迟，原来是题目出错。,right,1,right,右向(反因果),0.9954732060432434,0.0031560207717120647,0.9954732060432434,0.0013707083417102695,bidir,0.9968439143849537
网页打不开，看来是DNS解析失败。,right,1,right,右向(反因果),0.9924466609954834,0.00511713745072484,0.9924466609954834,0.0024361226242035627,bidir,0.994882783619687
他突然辞职，想来是找到更好的机会。,right,1,right,右向(反因果),0.9950162768363953,0.0034612377639859915,0.9950162768363953,0.0015224746894091368,bidir,0.9965387515258044
活动取消，结果是场地出问题。,right,1,right,右向(反因果),0.9594919681549072,0.021764302626252174,0.9594919681549072,0.018743690103292465,bidir,0.9782356582581997
密码总是错，其实是键盘坏了。,right,1,right,右向(反因果),0.9949634075164795,0.003546592313796282,0.9949634075164795,0.001490035210736096,bidir,0.9964534427272156
"The project stalled, it turned out funding was cut.",right,1,right,右向(反因果),0.9883912801742554,0.008917992003262043,0.9883912801742554,0.0026907729916274548,bidir,0.9910820531658828
电话打不通，原来是欠费停机。,right,1,right,右向(反因果),0.9930750131607056,0.004639447201043367,0.9930750131607056,0.0022855058778077364,bidir,0.9953605190385133
"She didn't reply, apparently she changed her number.",right,1,right,右向(反因果),0.9929344654083252,0.004976695869117975,0.9929344654083252,0.0020888259168714285,bidir,0.9950232913251966
系统很慢，看来是数据库锁表。,right,1,right,右向(反因果),0.9840669631958008,0.009770710952579975,0.9840669631958008,0.0061623104847967625,bidir,0.9902292736805975
"The train was late, the reason was signal failure.",right,1,right,右向(反因果),0.9935019612312317,0.004609821829944849,0.9935019612312317,0.0018881754949688911,bidir,0.9953901367262006
包裹被退回，想来是收件人搬家了。,right,1,right,右向(反因果),0.9904916882514954,0.0066934614442288876,0.9904916882514954,0.0028148817364126444,bidir,0.993306569987908
他没参加会议，结果是搞错时间了。,right,1,right,右向(反因果),0.9945762157440186,0.0038258086424320936,0.9945762157440186,0.0015979523304849863,bidir,0.9961741680745035
App闪退，其实是权限没开启。,right,1,right,右向(反因果),0.995238184928894,0.00337521405890584,0.995238184928894,0.0013865383807569742,bidir,0.996624723309651
"The website crashed, it turned out traffic exceeded capacity.",right,1,right,右向(反因果),0.9877493977546692,0.009486988186836243,0.9877493977546692,0.0027635686565190554,bidir,0.9905129664111882
菜做糊了，原来是火开太大。,right,1,right,右向(反因果),0.9943882822990417,0.0039043398573994637,0.9943882822990417,0.0017073461785912514,bidir,0.996095628477633
"He didn't get the job, apparently he failed the background check.",right,1,right,右向(反因果),0.9898822903633118,0.007282517850399017,0.9898822903633118,0.0028352136723697186,bidir,0.9927175040356815
打印机罢工，看来是驱动不兼容。,right,1,right,右向(反因果),0.9921941757202148,0.005403399001806974,0.9921941757202148,0.0024024315644055605,bidir,0.9945966072846204
"The event was postponed, the reason was speaker cancellation.",right,1,right,右向(反因果),0.9924803972244263,0.005331564694643021,0.9924803972244263,0.0021880697458982468,bidir,0.9946684669703245
空调不工作，想来是遥控器没电。,right,1,right,右向(反因果),0.9911788105964661,0.005751615855842829,0.9911788105964661,0.0030696121975779533,bidir,0.994248422794044
"She left the company, it turned out she was headhunted.",right,1,right,右向(反因果),0.9910333752632141,0.006729903165251017,0.9910333752632141,0.002236692700535059,bidir,0.9932700679637492
文档丢失，结果是同步出错了。,right,1,right,右向(反因果),0.9783874750137329,0.012819210067391396,0.9783874750137329,0.00879331398755312,bidir,0.987180789001286
"The deal collapsed, apparently legal issues emerged.",right,1,right,右向(反因果),0.9931405186653137,0.004749781917780638,0.9931405186653137,0.0021097620483487844,bidir,0.9952502807136625
车子熄火，原来是油箱空了。,right,1,right,右向(反因果),0.9927148222923279,0.005416803527623415,0.9927148222923279,0.001868344726972282,bidir,0.9945831670193002
"Payment bounced, the reason was insufficient funds.",right,1,right,右向(反因果),0.9916736483573914,0.005709705874323845,0.9916736483573914,0.0026166478637605906,bidir,0.994290296221152
他没来培训，看来是临时有急事。,right,1,right,右向(反因果),0.99455726146698,0.0037116529420018196,0.99455726146698,0.001731143333017826,bidir,0.9962884047999978
"The server went down, it seems it was a hardware failure.",right,1,right,右向(反因果),0.9914067983627319,0.005570497363805771,0.9914067983627319,0.00302271731197834,bidir,0.9944295156747103
订单被拒，想来是信用额度不够。,right,1,right,右向(反因果),0.9923869371414185,0.005177144892513752,0.9923869371414185,0.002435975940898061,bidir,0.9948229130823165
"She quit the team, apparently due to disagreements.",right,1,right,右向(反因果),0.9505174160003662,0.02577962912619114,0.9505174160003662,0.023702966049313545,bidir,0.9742203820496798
电脑蓝屏，结果是内存条松动。,right,1,right,右向(反因果),0.9368053674697876,0.027850491926074028,0.9368053674697876,0.035344112664461136,bidir,0.9721494801342487
"The campaign flopped, the reason was poor targeting.",right,1,right,右向(反因果),0.9437940120697021,0.03490201756358147,0.9437940120697021,0.021303946152329445,bidir,0.9650979582220316
手机充不进电，其实是充电口进灰。,right,1,right,右向(反因果),0.9934824109077454,0.004636820405721664,0.9934824109077454,0.0018807773012667894,bidir,0.9953631882090122
"He missed the flight, it turned out he went to wrong terminal.",right,1,right,右向(反因果),0.9850516319274902,0.011843695305287838,0.9850516319274902,0.003104735165834427,bidir,0.9881563670933247
系统登录不了，原来是密码过期了。,right,1,right,右向(反因果),0.9940595626831055,0.004269948694854975,0.9940595626831055,0.001670503756031394,bidir,0.9957300664391369
"The merger failed, apparently regulators objected.",right,1,right,右向(反因果),0.9862995743751526,0.010143282823264599,0.9862995743751526,0.003557151649147272,bidir,0.9898567260242999
灯一直闪，看来是开关接触不良。,right,1,right,右向(反因果),0.9940955638885498,0.004122591111809015,0.9940955638885498,0.00178178318310529,bidir,0.9958773470716551
"She withdrew the application, the reason was better offer elsewhere.",right,1,right,右向(反因果),0.9817914962768555,0.011187192052602768,0.9817914962768555,0.007021306082606316,bidir,0.9888128023594618
网速特别慢，想来是带宽被占满。,right,1,right,右向(反因果),0.9631076455116272,0.016766520217061043,0.9631076455116272,0.020125770941376686,bidir,0.9832334164530039
"The show was cancelled, it turned out ticket sales were poor.",right,1,right,右向(反因果),0.9913551211357117,0.00648051081225276,0.9913551211357117,0.0021643489599227905,bidir,0.9935194700956345
水管爆裂，结果是冻住膨胀了。,right,1,right,右向(反因果),0.8373359441757202,0.07053466141223907,0.8373359441757202,0.09212940186262131,bidir,0.9294653460383415
"He didn't attend the ceremony, apparently he had a conflict.",right,1,right,右向(反因果),0.9913046360015869,0.006135311909019947,0.9913046360015869,0.002560077467933297,bidir,0.9938647134695202
邮件发不出去，其实是附件太大。,right,1,right,右向(反因果),0.9915560483932495,0.005631506908684969,0.9915560483932495,0.0028124083764851093,bidir,0.9943684567697346
"The product was recalled, the reason was safety concerns.",right,1,right,右向(反因果),0.9795660376548767,0.012163477949798107,0.9795660376548767,0.0082705058157444,bidir,0.9878365434706211
耳机没声音，原来是蓝牙没连上。,right,1,right,右向(反因果),0.9950548410415649,0.0034077083691954613,0.9950548410415649,0.0015374752692878246,bidir,0.9965923163108528
"She changed her plan, it seems circumstances changed.",right,1,right,右向(反因果),0.9718129634857178,0.015404073521494865,0.9718129634857178,0.012782905250787735,bidir,0.9845958687365055
打卡失败，看来是指纹识别故障。,right,1,right,右向(反因果),0.9889007806777954,0.00777482520788908,0.9889007806777954,0.003324374556541443,bidir,0.9922251552343369
"The launch was delayed, apparently testing found bugs.",right,1,right,右向(反因果),0.9934106469154358,0.004723316989839077,0.9934106469154358,0.0018660061759874225,bidir,0.9952766530914232
房间很热，想来是温控器坏了。,right,1,right,右向(反因果),0.9893782734870911,0.0072433557361364365,0.9893782734870911,0.0033783563412725925,bidir,0.9927566298283637
"He rejected the proposal, the reason was budget concerns.",right,1,right,右向(反因果),0.9735740423202515,0.015568220056593418,0.9735740423202515,0.010857760906219482,bidir,0.984431803226471
程序崩溃，结果是栈溢出了。,right,1,right,右向(反因果),0.992592990398407,0.005158032290637493,0.992592990398407,0.0022489805705845356,bidir,0.9948419709689915
"The store closed down, it turned out the lease expired.",right,1,right,右向(反因果),0.9914324283599854,0.006312363315373659,0.9914324283599854,0.002255142666399479,bidir,0.9936875710263848
Wi-Fi连不上，其实是路由器死机。,right,1,right,右向(反因果),0.9620723724365234,0.017586586996912956,0.9620723724365234,0.020341116935014725,bidir,0.9824134893715382
"She didn't make it, apparently she missed the cutoff.",right,1,right,右向(反因果),0.9891603589057922,0.007115575484931469,0.9891603589057922,0.003724099835380912,bidir,0.9928844587411731
报表数据不对，原来是公式写错。,right,1,right,右向(反因果),0.9947172999382019,0.003598036477342248,0.9947172999382019,0.0016847195802256465,bidir,0.9964020195184276
"The partnership ended, the reason was strategic differences.",right,1,right,右向(反因果),0.9914867877960205,0.005792867857962847,0.9914867877960205,0.002720370888710022,bidir,0.9942071586847305
门锁打不开，看来是电池耗尽了。,right,1,right,右向(反因果),0.9911385178565979,0.006447535939514637,0.9911385178565979,0.002413978334516287,bidir,0.9935524961911142
"He left the meeting early, it seems he had another appointment.",right,1,right,右向(反因果),0.9935213923454285,0.004560656379908323,0.9935213923454285,0.0019179474329575896,bidir,0.9954393397783861
系统报警，想来是磁盘空间不足。,right,1,right,右向(反因果),0.990473210811615,0.006361926440149546,0.990473210811615,0.003164797555655241,bidir,0.9936380083672702
"The concert was rescheduled, apparently venue had issues.",right,1,right,右向(反因果),0.9951404333114624,0.003465051995590329,0.9951404333114624,0.0013945495011284947,bidir,0.9965349828125909
饭菜变味，结果是冰箱温度设置不当。,right,1,right,右向(反因果),0.9827551245689392,0.011286001652479172,0.9827551245689392,0.005958931986242533,bidir,0.9887140565551817
"She declined the invitation, the reason was prior commitment.",right,1,right,右向(反因果),0.9911900758743286,0.006158612668514252,0.9911900758743286,0.002651374554261565,bidir,0.9938414504285902
显示器黑屏，其实是信号线松了。,right,1,right,右向(反因果),0.9876723885536194,0.009654473513364792,0.9876723885536194,0.0026731076650321484,bidir,0.9903454962186515
"The acquisition fell through, it turned out due diligence failed.",right,1,right,右向(反因果),0.9945380091667175,0.003901116317138076,0.9945380091667175,0.0015608759131282568,bidir,0.9960988850798458
鼠标不动，原来是无线接收器没插。,right,1,right,右向(反因果),0.9954463839530945,0.0032276231795549393,0.9954463839530945,0.0013259081169962883,bidir,0.9967722920700908
"He withdrew his candidacy, apparently for personal reasons.",right,1,right,右向(反因果),0.9838923215866089,0.010470353066921234,0.9838923215866089,0.005637310445308685,bidir,0.9895296320319176
验证码收不到，看来是短信服务故障。,right,1,right,右向(反因果),0.9858564138412476,0.009683891199529171,0.9858564138412476,0.0044596632942557335,bidir,0.9903160771355033
"The trial was halted, the reason was procedural error.",right,1,right,右向(反因果),0.993179440498352,0.004690046887844801,0.993179440498352,0.002130549866706133,bidir,0.9953099903650582
空调漏水，想来是冷凝管堵塞。,right,1,right,右向(反因果),0.9905647039413452,0.006733292248100042,0.9905647039413452,0.0027019621338695288,bidir,0.9932666660752147
"She changed careers, it turned out she found her passion.",right,1,right,右向(反因果),0.9946660995483398,0.003800088306888938,0.9946660995483398,0.0015338758239522576,bidir,0.9961999753722921
扫描仪不识别，结果是驱动版本太旧。,right,1,right,右向(反因果),0.9912862181663513,0.005934834945946932,0.9912862181663513,0.0027788863517344,bidir,0.9940651045180857
"The festival was cancelled, apparently permits weren't approved.",right,1,right,右向(反因果),0.9826494455337524,0.01092691533267498,0.9826494455337524,0.0064236014150083065,bidir,0.9890730469487607
电梯门不关，其实是安全传感器触发。,right,1,right,右向(反因果),0.9927010536193848,0.005148527678102255,0.9927010536193848,0.0021504219621419907,bidir,0.9948514755815268
"He sold his shares, the reason was liquidity needs.",right,1,right,右向(反因果),0.9877661466598511,0.008028085343539715,0.9877661466598511,0.004205787554383278,bidir,0.9919719342142344
麦克风没声音，原来是静音键按了。,right,1,right,右向(反因果),0.9956510663032532,0.0030534968245774508,0.9956510663032532,0.0012954596895724535,bidir,0.9969465259928256
"The policy changed, it seems new data emerged.",right,1,right,右向(反因果),0.8728780150413513,0.08323751389980316,0.8728780150413513,0.0438845120370388,bidir,0.9167625270783901
快递丢件，看来是分拣出错了。,right,1,right,右向(反因果),0.9929839372634888,0.004918960854411125,0.9929839372634888,0.0020971058402210474,bidir,0.9950810431037098
"She dropped the course, apparently it conflicted with her schedule.",right,1,right,右向(反因果),0.9808692932128906,0.011486513540148735,0.9808692932128906,0.007644198834896088,bidir,0.9885134920477867
数据库连接失败，想来是连接池满了。,right,1,right,右向(反因果),0.992271900177002,0.005531970411539078,0.992271900177002,0.0021961720194667578,bidir,0.9944680721964687
"The vote was postponed, the reason was quorum not met.",right,1,right,右向(反因果),0.9868451356887817,0.008646965026855469,0.9868451356887817,0.004507944453507662,bidir,0.9913530801422894
马桶堵了，结果是异物卡住了。,right,1,right,右向(反因果),0.9893366098403931,0.007502217777073383,0.9893366098403931,0.003161165863275528,bidir,0.9924977757036686
"He resigned from the board, it turned out conflicts of interest arose.",right,1,right,右向(反因果),0.993417501449585,0.004741836339235306,0.993417501449585,0.001840680604800582,bidir,0.9952581820543855
屏幕出现条纹，其实是显卡过热。,right,1,right,右向(反因果),0.9938175082206726,0.004387247376143932,0.9938175082206726,0.0017952554626390338,bidir,0.9956127636833116
"The agreement was terminated, apparently one party breached terms.",right,1,right,右向(反因果),0.9891101717948914,0.007485866080969572,0.9891101717948914,0.00340393022634089,bidir,0.9925141020212322
摄像头模糊，原来是镜头脏了。,right,1,right,右向(反因果),0.9951052665710449,0.003461547428742051,0.9951052665710449,0.0014331572456285357,bidir,0.9965384238166735
"She cancelled her trip, the reason was visa issues.",right,1,right,右向(反因果),0.9925280809402466,0.005082692950963974,0.9925280809402466,0.0023891995660960674,bidir,0.9949172805063426
充电速度慢，看来是充电器功率不够。,right,1,right,右向(反因果),0.9910562038421631,0.005910325795412064,0.9910562038421631,0.00303347478620708,bidir,0.9940896786283702
"The experiment was stopped, it seems ethical concerns were raised.",right,1,right,右向(反因果),0.8668338656425476,0.047630827873945236,0.8668338656425476,0.08553532510995865,bidir,0.9523691907525063
预算很紧张，可项目还是完成了。,bidirectional,2,bidirectional,双向,0.9879621863365173,0.00771452859044075,0.004323233850300312,0.9879621863365173,bidir,0.9922854201868176
代码冗余严重，但运行效率很高。,bidirectional,2,bidirectional,双向,0.9911352396011353,0.005366097670048475,0.0034986131358891726,0.9911352396011353,bidir,0.9946338527370244
"The device is bulky, yet extremely durable.",bidirectional,2,bidirectional,双向,0.9928296208381653,0.004348778631538153,0.002821525791659951,0.9928296208381653,bidir,0.9956511466298252
工作很累，可他从不抱怨。,bidirectional,2,bidirectional,双向,0.9907247424125671,0.005610324442386627,0.0036649962421506643,0.9907247424125671,bidir,0.9943897386547178
"She's inexperienced, however she adapts quickly.",bidirectional,2,bidirectional,双向,0.9922372698783875,0.004653676878660917,0.0031091123819351196,0.9922372698783875,bidir,0.9953463822603226
产品很贵，却销量惊人。,bidirectional,2,bidirectional,双向,0.9915969967842102,0.005063070449978113,0.0033399551175534725,0.9915969967842102,bidir,0.9949369519017637
"The solution is complex, still it's the most reliable.",bidirectional,2,bidirectional,双向,0.9929391145706177,0.004097737837582827,0.0029630414210259914,0.9929391145706177,bidir,0.9959021559916437
环境简陋，偏偏出了精品。,bidirectional,2,bidirectional,双向,0.9929730892181396,0.004138092044740915,0.002888853894546628,0.9929730892181396,bidir,0.9958619431126863
"He's blunt, yet people appreciate his honesty.",bidirectional,2,bidirectional,双向,0.992753803730011,0.004289399366825819,0.002956707961857319,0.992753803730011,bidir,0.9957105116918683
流程繁琐，但是错误率低。,bidirectional,2,bidirectional,双向,0.9923292994499207,0.00455518439412117,0.0031154798343777657,0.9923292994499207,bidir,0.9954447792842984
"The task is boring, however someone must handle it.",bidirectional,2,bidirectional,双向,0.9927796721458435,0.004297897219657898,0.002922337269410491,0.9927796721458435,bidir,0.995702009415254
团队很小，可是战斗力强。,bidirectional,2,bidirectional,双向,0.9919154047966003,0.004976445809006691,0.0031081039924174547,0.9919154047966003,bidir,0.9950235087890178
"She's quiet, still her presence is impactful.",bidirectional,2,bidirectional,双向,0.9929124712944031,0.004089632071554661,0.0029978882521390915,0.9929124712944031,bidir,0.9959103595465422
系统老旧，然而稳定性出色。,bidirectional,2,bidirectional,双向,0.993168830871582,0.004046980291604996,0.002784163923934102,0.993168830871582,bidir,0.9959529947955161
"The plan is risky, yet potentially rewarding.",bidirectional,2,bidirectional,双向,0.99310702085495,0.004146740771830082,0.0027461869176477194,0.99310702085495,bidir,0.9958532077725977
起点低，可是进步飞快。,bidirectional,2,bidirectional,双向,0.9920921325683594,0.0045987870544195175,0.003309148596599698,0.9920921325683594,bidir,0.9954012811649591
"He's traditional, but embraces innovation.",bidirectional,2,bidirectional,双向,0.9924417734146118,0.004454515874385834,0.0031036853324621916,0.9924417734146118,bidir,0.995545458747074
任务会完成，除非出现重大变故。,bidirectional,2,bidirectional,双向,0.9900571703910828,0.0057845148257911205,0.004158300347626209,0.9900571703910828,bidir,0.994215470738709
"The system works fine, unless traffic spikes suddenly.",bidirectional,2,bidirectional,双向,0.9863491058349609,0.008525261655449867,0.005125585477799177,0.9863491058349609,bidir,0.9914746913127601
她会来，除非航班取消。,bidirectional,2,bidirectional,双向,0.9894523620605469,0.006778481882065535,0.0037691108882427216,0.9894523620605469,bidir,0.9932214729487896
"Project stays on track, unless funding gets cut.",bidirectional,2,bidirectional,双向,0.9913458228111267,0.005222466308623552,0.0034316726960241795,0.9913458228111267,bidir,0.9947774955071509
服务器稳定，除非遭遇攻击。,bidirectional,2,bidirectional,双向,0.9921668767929077,0.004754402209073305,0.003078679321333766,0.9921668767929077,bidir,0.9952455561142415
"He'll succeed, unless he gives up halfway.",bidirectional,2,bidirectional,双向,0.9878196716308594,0.007966040633618832,0.004214238841086626,0.9878196716308594,bidir,0.992033910471946
计划顺利，除非天气突变。,bidirectional,2,bidirectional,双向,0.9918519854545593,0.004884648602455854,0.003263424150645733,0.9918519854545593,bidir,0.9951154096052051
"The device is reliable, unless you drop it.",bidirectional,2,bidirectional,双向,0.9930597543716431,0.004062373656779528,0.002877842402085662,0.9930597543716431,bidir,0.9959375967737287
数据准确，除非人工录入出错。,bidirectional,2,bidirectional,双向,0.9908238649368286,0.005174040794372559,0.004002095200121403,0.9908238649368286,bidir,0.99482596013695
"She'll attend, unless an emergency arises.",bidirectional,2,bidirectional,双向,0.9918146729469299,0.004966231528669596,0.00321898958645761,0.9918146729469299,bidir,0.9950336625333875
系统安全，除非密码泄露。,bidirectional,2,bidirectional,双向,0.9911638498306274,0.005536596290767193,0.003299601376056671,0.9911638498306274,bidir,0.9944634512066841
"The deal will close, unless regulations change.",bidirectional,2,bidirectional,双向,0.9925094842910767,0.004398621618747711,0.003091796301305294,0.9925094842910767,bidir,0.995601280592382
网站快速，除非数据库压力过大。,bidirectional,2,bidirectional,双向,0.9901865720748901,0.006249263416975737,0.0035642022266983986,0.9901865720748901,bidir,0.9937507743015885
"He'll finish on time, unless scope expands.",bidirectional,2,bidirectional,双向,0.9912564754486084,0.005371997598558664,0.003371573518961668,0.9912564754486084,bidir,0.9946280489675701
产品耐用，除非使用不当。,bidirectional,2,bidirectional,双向,0.9924915432929993,0.004529312252998352,0.002979110460728407,0.9924915432929993,bidir,0.9954706537537277
"The experiment succeeds, unless contamination occurs.",bidirectional,2,bidirectional,双向,0.9875885844230652,0.007917649112641811,0.004493752494454384,0.9875885844230652,bidir,0.9920823369175196
她会支持，除非利益冲突。,bidirectional,2,bidirectional,双向,0.9922742247581482,0.004676629323512316,0.0030490902718156576,0.9922742247581482,bidir,0.9953233150299639
"Code runs smoothly, unless memory leaks.",bidirectional,2,bidirectional,双向,0.9917260408401489,0.00504891574382782,0.003224994521588087,0.9917260408401489,bidir,0.994951035361737
质量可靠，除非原材料变更。,bidirectional,2,bidirectional,双向,0.9923810362815857,0.004622642882168293,0.0029962838161736727,0.9923810362815857,bidir,0.9953773200977594
"The plan works, unless market conditions shift.",bidirectional,2,bidirectional,双向,0.9923041462898254,0.004658537916839123,0.0030372946057468653,0.9923041462898254,bidir,0.9953414408955723
他会同意，除非条件太苛刻。,bidirectional,2,bidirectional,双向,0.9913880228996277,0.0053309001959860325,0.0032810664270073175,0.9913880228996277,bidir,0.994669089326635
"System performs well, unless cache invalidates.",bidirectional,2,bidirectional,双向,0.9897933006286621,0.006501971278339624,0.0037047117948532104,0.9897933006286621,bidir,0.9934980124235153
培训有效，除非学员不配合。,bidirectional,2,bidirectional,双向,0.9920001029968262,0.004885377828031778,0.003114446299150586,0.9920001029968262,bidir,0.9951145492959768
"She'll manage, unless team size doubles.",bidirectional,2,bidirectional,双向,0.9920831918716431,0.004795968532562256,0.003120796289294958,0.9920831918716431,bidir,0.995203988160938
流程高效，除非人为干预。,bidirectional,2,bidirectional,双向,0.9918026328086853,0.005059176590293646,0.003138248110190034,0.9918026328086853,bidir,0.9949408809188753
"The strategy holds, unless competitors react.",bidirectional,2,bidirectional,双向,0.9893887639045715,0.006797933019697666,0.0038132949266582727,0.9893887639045715,bidir,0.9932020588312298
备份完整，除非中途断电。,bidirectional,2,bidirectional,双向,0.9911069273948669,0.005574253387749195,0.0033188010565936565,0.9911069273948669,bidir,0.9944257284514606
"He'll cooperate, unless terms are unacceptable.",bidirectional,2,bidirectional,双向,0.9927680492401123,0.004251925740391016,0.002979940501973033,0.9927680492401123,bidir,0.9957479897420853
功能正常，除非权限不足。,bidirectional,2,bidirectional,双向,0.9924941062927246,0.004420083481818438,0.003085715463384986,0.9924941062927246,bidir,0.9955798217561096
"The model is accurate, unless data drifts.",bidirectional,2,bidirectional,双向,0.992699921131134,0.004395171534270048,0.002905030967667699,0.992699921131134,bidir,0.9956049520988017
她会答应，除非时间冲突。,bidirectional,2,bidirectional,双向,0.992486834526062,0.004463427234441042,0.0030497435946017504,0.992486834526062,bidir,0.9955365781206638
投资安全，除非市场崩盘。,bidirectional,2,bidirectional,双向,0.9921854138374329,0.0047777630388736725,0.003036930924281478,0.9921854138374329,bidir,0.9952223447617143
"The process is stable, unless temperature fluctuates.",bidirectional,2,bidirectional,双向,0.992563784122467,0.004503178410232067,0.0029331371188163757,0.992563784122467,bidir,0.9954969212412834
配置合理，除非需求激增。,bidirectional,2,bidirectional,双向,0.992775559425354,0.0043020788580179214,0.002922325162217021,0.992775559425354,bidir,0.995697884587571
"He'll participate, unless schedule conflicts.",bidirectional,2,bidirectional,双向,0.9916666150093079,0.005083243362605572,0.0032500936649739742,0.9916666150093079,bidir,0.9949167086742818
订单准时，除非物流延误。,bidirectional,2,bidirectional,双向,0.990858256816864,0.005705011077225208,0.0034366908948868513,0.990858256816864,bidir,0.9942949477117509
"The signal is strong, unless weather interferes.",bidirectional,2,bidirectional,双向,0.9927940368652344,0.004340137355029583,0.0028658555820584297,0.9927940368652344,bidir,0.9956598924472928
方案可行，除非预算削减。,bidirectional,2,bidirectional,双向,0.9922686219215393,0.0047178869135677814,0.0030135503038764,0.9922686219215393,bidir,0.9952821722254157
"She'll agree, unless ethical concerns arise.",bidirectional,2,bidirectional,双向,0.9922595620155334,0.004667435772716999,0.0030729591380804777,0.9922595620155334,bidir,0.9953325211536139
速度很快，可稳定性差。,bidirectional,2,bidirectional,双向,0.9898171424865723,0.006521205417811871,0.003661638591438532,0.9898171424865723,bidir,0.9934787810780108
"The interface is ugly, but highly functional.",bidirectional,2,bidirectional,双向,0.9935310482978821,0.0037957518361508846,0.0026732541155070066,0.9935310482978821,bidir,0.9962043024133891
价格实惠，然而需要预约。,bidirectional,2,bidirectional,双向,0.9928454756736755,0.0043107932433485985,0.0028437008149921894,0.9928454756736755,bidir,0.9956891764886677
"He's skilled, yet lacks communication ability.",bidirectional,2,bidirectional,双向,0.991876482963562,0.004966541193425655,0.0031569255515933037,0.991876482963562,bidir,0.9950334085151553
材料便宜，可是效果好。,bidirectional,2,bidirectional,双向,0.9926268458366394,0.004468418192118406,0.002904816996306181,0.9926268458366394,bidir,0.9955316628329456
"The tool is simple, still very powerful.",bidirectional,2,bidirectional,双向,0.9933134913444519,0.003977042622864246,0.0027094599790871143,0.9933134913444519,bidir,0.996022951323539
办法笨拙，偏偏最有效。,bidirectional,2,bidirectional,双向,0.9925582408905029,0.004485597368329763,0.0029561256524175406,0.9925582408905029,bidir,0.9955143665429205
"She's talented, but often late.",bidirectional,2,bidirectional,双向,0.9925016164779663,0.0045249368995428085,0.0029733278788626194,0.9925016164779663,bidir,0.9954749443568289
房租高，可是交通便利。,bidirectional,2,bidirectional,双向,0.9908135533332825,0.0058229537680745125,0.0033634910359978676,0.9908135533332825,bidir,0.9941770443692803
"The course is tough, however completion rate is high.",bidirectional,2,bidirectional,双向,0.9936291575431824,0.003697341773658991,0.00267351814545691,0.9936291575431824,bidir,0.9963026756886393
设计传统，却很受欢迎。,bidirectional,2,bidirectional,双向,0.9922142624855042,0.004754629451781511,0.003031093394383788,0.9922142624855042,bidir,0.9952453558798879
"He's strict, still fair in judgment.",bidirectional,2,bidirectional,双向,0.992418646812439,0.004555594176054001,0.003025802318006754,0.992418646812439,bidir,0.9954444491304457
成本增加，但是质量提升了。,bidirectional,2,bidirectional,双向,0.9917368292808533,0.00517375348135829,0.0030893892981112003,0.9917368292808533,bidir,0.9948262185789645
"The climate is harsh, yet people thrive there.",bidirectional,2,bidirectional,双向,0.9930816292762756,0.0041345045901834965,0.0027839194517582655,0.9930816292762756,bidir,0.9958655487280339
流量少，可是转化好。,bidirectional,2,bidirectional,双向,0.9924635887145996,0.004632065072655678,0.002904339460656047,0.9924635887145996,bidir,0.9953679281752557
"She's busy, however never misses details.",bidirectional,2,bidirectional,双向,0.9922007918357849,0.004708359483629465,0.00309083447791636,0.9922007918357849,bidir,0.9952916263137013
操作复杂，然而功能强大。,bidirectional,2,bidirectional,双向,0.993611752986908,0.003766518784686923,0.002621761756017804,0.993611752986908,bidir,0.9962335147429258
"The market is saturated, still room for innovation.",bidirectional,2,bidirectional,双向,0.9927478432655334,0.0043526687659323215,0.0028995024040341377,0.9927478432655334,bidir,0.9956473456695676
竞争大，可是机会也多。,bidirectional,2,bidirectional,双向,0.9934155941009521,0.003885313868522644,0.002699174452573061,0.9934155941009521,bidir,0.9961147685535252
"He's cautious, yet willing to take calculated risks.",bidirectional,2,bidirectional,双向,0.9902656674385071,0.006134869996458292,0.0035994667559862137,0.9902656674385071,bidir,0.9938651341944933
资源有限，偏偏做出了成绩。,bidirectional,2,bidirectional,双向,0.9921119213104248,0.004791426472365856,0.003096599830314517,0.9921119213104248,bidir,0.9952085211407393
"The feedback is negative, but constructive.",bidirectional,2,bidirectional,双向,0.9933809041976929,0.0038775973953306675,0.0027415845543146133,0.9933809041976929,bidir,0.9961224887520075
代码简洁，可是扩展性强。,bidirectional,2,bidirectional,双向,0.9931126236915588,0.004042801447212696,0.002844465896487236,0.9931126236915588,bidir,0.9959570895880461
"She's formal, still approachable.",bidirectional,2,bidirectional,双向,0.9879141449928284,0.007920258678495884,0.004165539517998695,0.9879141449928284,bidir,0.9920796845108271
时间短，但是产出高。,bidirectional,2,bidirectional,双向,0.9912096261978149,0.005509881768375635,0.0032804759684950113,0.9912096261978149,bidir,0.99449010216631
"The task is menial, yet essential.",bidirectional,2,bidirectional,双向,0.9931311011314392,0.004122614860534668,0.002746253740042448,0.9931311011314392,bidir,0.9958773548714817
门槛低，可是要求严格。,bidirectional,2,bidirectional,双向,0.9933740496635437,0.0039003577549010515,0.002725549042224884,0.9933740496635437,bidir,0.9960995987057686
"He's senior, but learns from juniors.",bidirectional,2,bidirectional,双向,0.9922069907188416,0.004653534851968288,0.003139527514576912,0.9922069907188416,bidir,0.9953465182334185
收益稳定，然而增长缓慢。,bidirectional,2,bidirectional,双向,0.9931418299674988,0.004106586799025536,0.0027516521513462067,0.9931418299674988,bidir,0.995893482118845
"The design is minimalist, still elegant.",bidirectional,2,bidirectional,双向,0.9929075241088867,0.004281693138182163,0.002810746431350708,0.9929075241088867,bidir,0.9957182705402374
他发送邮件，同时通知了团队。,left,0,left,左向(因果),0.9945012331008911,0.9945012331008911,0.003946955315768719,0.0015516993589699268,forward,0.0054986546747386456
"The alarm rang, waking everyone up.",left,0,left,左向(因果),0.99297696352005,0.99297696352005,0.005190350580960512,0.0018326913705095649,forward,0.007023041951470077
系统重启完成，而且恢复正常。,left,0,left,左向(因果),0.9924079179763794,0.9924079179763794,0.005532728973776102,0.002059369580820203,forward,0.007592098554596305
"She pressed the button, activating the machine.",left,0,left,左向(因果),0.9927754402160645,0.9927754402160645,0.005427725613117218,0.0017968792235478759,forward,0.007224604836665094
会议结束，并且形成了决议。,left,0,left,左向(因果),0.9942103624343872,0.9942103624343872,0.00424150237813592,0.0015482186572626233,forward,0.005789721035398543
"The door closed, sealing the room completely.",left,0,left,左向(因果),0.9923955202102661,0.9923955202102661,0.005565172526985407,0.002039330778643489,forward,0.007604503305628896
他提交代码，而且通过了审核。,left,0,left,左向(因果),0.9937654733657837,0.9937654733657837,0.004647208843380213,0.001587321632541716,forward,0.006234530475921929
"Rain started falling, soaking the ground quickly.",left,0,left,左向(因果),0.9895227551460266,0.9895227551460266,0.007265668362379074,0.0032115511130541563,forward,0.01047721947543323
用户登录成功，同时加载了主页。,left,0,left,左向(因果),0.9909054040908813,0.9909054040908813,0.006888608913868666,0.002206035889685154,forward,0.00909464480355382
"The sun rose, illuminating the landscape beautifully.",left,0,left,左向(因果),0.9828057885169983,0.9828057885169983,0.010520251467823982,0.006674031261354685,forward,0.017194282729178667
她完成报告，并且发给了客户。,left,0,left,左向(因果),0.9943536520004272,0.9943536520004272,0.0040796007961034775,0.001566694350913167,forward,0.0056462951470166445
"He turned the knob, opening the valve slowly.",left,0,left,左向(因果),0.9880520105361938,0.9880520105361938,0.009279117919504642,0.002668917179107666,forward,0.011948035098612309
订单生成，而且扣除了库存。,left,0,left,左向(因果),0.9950432777404785,0.9950432777404785,0.0035124081186950207,0.0014443075051531196,forward,0.00495671562384814
"The ice cracked, breaking into pieces.",left,0,left,左向(因果),0.9908401370048523,0.9908401370048523,0.006996627431362867,0.002163224620744586,forward,0.009159852052107453
系统检测完毕，同时生成了日志。,left,0,left,左向(因果),0.9933121800422668,0.9933121800422668,0.004935023840516806,0.0017527769086882472,forward,0.006687800749205053
"She signed the document, finalizing the agreement.",left,0,left,左向(因果),0.9884599447250366,0.9884599447250366,0.00899734441190958,0.0025427788496017456,forward,0.011540123261511326
他启动程序，并且配置了参数。,left,0,left,左向(因果),0.994368851184845,0.994368851184845,0.004103638231754303,0.0015274393372237682,forward,0.005631077568978071
"The bell tolled, announcing the hour solemnly.",left,0,left,左向(因果),0.9845290780067444,0.9845290780067444,0.011540635488927364,0.003930340055376291,forward,0.015470975544303656
数据导入完成，而且校验通过。,left,0,left,左向(因果),0.9941816926002502,0.9941816926002502,0.0042579807341098785,0.0015603166539222002,forward,0.005818297388032079
"He flipped the switch, turning on the lights.",left,0,left,左向(因果),0.9873305559158325,0.9873305559158325,0.009880001656711102,0.002789505058899522,forward,0.012669506715610623
会议安排好，同时发出了通知。,left,0,left,左向(因果),0.9931960105895996,0.9931960105895996,0.0050514633767306805,0.00175257190130651,forward,0.0068040352780371904
"The plant grew, reaching toward the sunlight.",left,0,left,左向(因果),0.987705647945404,0.987705647945404,0.008154009468853474,0.004140329547226429,forward,0.012294339016079903
她打开软件，并且创建了新项目。,left,0,left,左向(因果),0.9947939515113831,0.9947939515113831,0.0037307085003703833,0.0014753035502508283,forward,0.0052060120506212115
"The engine roared, propelling the car forward.",left,0,left,左向(因果),0.9928701519966125,0.9928701519966125,0.0052612340077757835,0.0018686371622607112,forward,0.007129871170036495
他点击保存，而且备份了文件。,left,0,left,左向(因果),0.9951884746551514,0.9951884746551514,0.0034114960581064224,0.0014000751543790102,forward,0.004811571212485433
"Water boiled vigorously, producing bubbles rapidly.",left,0,left,左向(因果),0.9813230037689209,0.9813230037689209,0.015046829357743263,0.003630216233432293,forward,0.018677045591175556
系统更新完毕，同时修复了漏洞。,left,0,left,左向(因果),0.9937717318534851,0.9937717318534851,0.004548460245132446,0.0016798340948298573,forward,0.006228294339962304
"She answered correctly, earning bonus points.",left,0,left,左向(因果),0.9906131029129028,0.9906131029129028,0.006532825995236635,0.002853980753570795,forward,0.00938680674880743
电源接通，并且指示灯亮起。,left,0,left,左向(因果),0.9927288889884949,0.9927288889884949,0.005406311247497797,0.0018647256074473262,forward,0.007271036854945123
"The vote passed, enacting the new policy.",left,0,left,左向(因果),0.9861787557601929,0.9861787557601929,0.010453769937157631,0.003367431228980422,forward,0.013821201166138053
他优化代码，而且提升了性能。,left,0,left,左向(因果),0.9919014573097229,0.9919014573097229,0.005476165097206831,0.0026223657187074423,forward,0.008098530815914273
"The crowd cheered, celebrating the victory enthusiastically.",left,0,left,左向(因果),0.9802237749099731,0.9802237749099731,0.015236874110996723,0.004539337009191513,forward,0.019776211120188236
她调整设置，同时测试了功能。,left,0,left,左向(因果),0.9919185042381287,0.9919185042381287,0.005245934706181288,0.0028355021495372057,forward,0.008081436855718493
"He submitted the form, completing the registration.",left,0,left,左向(因果),0.9927664995193481,0.9927664995193481,0.005301944445818663,0.0019315213430672884,forward,0.007233465788885951
警报触发，并且通知了安保。,left,0,left,左向(因果),0.9947012662887573,0.9947012662887573,0.0037376536056399345,0.001561132026836276,forward,0.005298785632476211
"The season changed, bringing cooler temperatures gradually.",left,0,left,左向(因果),0.983238935470581,0.983238935470581,0.013487854972481728,0.003273219335824251,forward,0.01676107430830598
他部署应用，而且配置了监控。,left,0,left,左向(因果),0.991508960723877,0.991508960723877,0.005965224467217922,0.0025258350651711226,forward,0.008491059532389045
"She cleaned the surface, removing all stains.",left,0,left,左向(因果),0.986676037311554,0.986676037311554,0.010459041222929955,0.0028649326413869858,forward,0.01332397386431694
系统扫描结束，同时删除了威胁。,left,0,left,左向(因果),0.9930905699729919,0.9930905699729919,0.0051707071252167225,0.0017387483967468143,forward,0.006909455521963537
"The ceremony concluded, guests began departing slowly.",left,0,left,左向(因果),0.9914848208427429,0.9914848208427429,0.006325038615614176,0.002190148225054145,forward,0.00851518684066832
她批准申请，并且分配了资源。,left,0,left,左向(因果),0.9949643611907959,0.9949643611907959,0.0035744118504226208,0.00146121671423316,forward,0.005035628564655781
"He pressed enter, executing the command immediately.",left,0,left,左向(因果),0.9941060543060303,0.9941060543060303,0.004249349236488342,0.001644682022742927,forward,0.005894031259231269
数据同步完成，而且验证了一致性。,left,0,left,左向(因果),0.9808551669120789,0.9808551669120789,0.010790425352752209,0.008354496210813522,forward,0.01914492156356573
"The storm intensified, causing widespread damage.",left,0,left,左向(因果),0.9575979709625244,0.9575979709625244,0.03553374484181404,0.006868377793580294,forward,0.042402122635394335
他测试功能，同时记录了结果。,left,0,left,左向(因果),0.9903519749641418,0.9903519749641418,0.006844538263976574,0.002803511917591095,forward,0.009648050181567669
"She opened the email, reading the instructions carefully.",left,0,left,左向(因果),0.9865732192993164,0.9865732192993164,0.009193128906190395,0.004233654588460922,forward,0.013426783494651318
服务启动，并且监听了端口。,left,0,left,左向(因果),0.9943090677261353,0.9943090677261353,0.004071458242833614,0.0016195143107324839,forward,0.005690972553566098
"The flower bloomed, displaying vibrant colors.",left,0,left,左向(因果),0.9924086332321167,0.9924086332321167,0.0056528858840465546,0.0019383822800591588,forward,0.007591268164105713
他编译程序，而且修复了错误。,left,0,left,左向(因果),0.9940930008888245,0.9940930008888245,0.004290992859750986,0.001616002875380218,forward,0.005906995735131204
"The timer beeped, indicating completion.",left,0,left,左向(因果),0.6794530749320984,0.6794530749320984,0.08051759004592896,0.2400292605161667,forward,0.32054685056209564
她授权访问，同时记录了操作。,left,0,left,左向(因果),0.9945259094238281,0.9945259094238281,0.00391633715480566,0.0015578112797811627,forward,0.005474148434586823
"He pushed the code, triggering the pipeline.",left,0,left,左向(因果),0.9928051829338074,0.9928051829338074,0.0052097635343670845,0.0019851424731314182,forward,0.007194906007498503
订单发货，并且更新了状态。,left,0,left,左向(因果),0.9948969483375549,0.9948969483375549,0.0036589286755770445,0.0014440951636061072,forward,0.005103023839183152
"The bridge collapsed, disrupting traffic severely.",left,0,left,左向(因果),0.9806320667266846,0.9806320667266846,0.015543864108622074,0.0038240966387093067,forward,0.01936796074733138
他初始化变量，而且设置了默认值。,left,0,left,左向(因果),0.9752122163772583,0.9752122163772583,0.011331393383443356,0.01345636323094368,forward,0.024787756614387035
"She reviewed the data, identifying key trends.",left,0,left,左向(因果),0.9933164119720459,0.9933164119720459,0.00486803287640214,0.0018155016005039215,forward,0.006683534476906061
系统备份完成，同时压缩了文件。,left,0,left,左向(因果),0.9944615960121155,0.9944615960121155,0.003962245304137468,0.0015760723035782576,forward,0.005538317607715726
"The wheel turned, generating mechanical energy.",left,0,left,左向(因果),0.9802501201629639,0.9802501201629639,0.015751700848340988,0.003998241852968931,forward,0.01974994270130992
她创建账户，并且设置了密码。,left,0,left,左向(因果),0.9946915507316589,0.9946915507316589,0.0038187867030501366,0.0014896281063556671,forward,0.005308414809405804
"He installed the update, resolving known issues.",left,0,left,左向(因果),0.4748855531215668,0.4748855531215668,0.44665858149528503,0.07845591008663177,forward,0.5251144915819168
缓存清理完毕，而且释放了空间。,left,0,left,左向(因果),0.9942206144332886,0.9942206144332886,0.0041757868602871895,0.0016036328161135316,forward,0.005779419676400721
"The gates opened, allowing entry to visitors.",left,0,left,左向(因果),0.9934292435646057,0.9934292435646057,0.004821272566914558,0.001749563030898571,forward,0.006570835597813129
他调试程序，同时分析了日志。,left,0,left,左向(因果),0.987086296081543,0.987086296081543,0.00977201946079731,0.0031416795682162046,forward,0.012913699029013515
"She validated input, preventing malicious data.",left,0,left,左向(因果),0.9916375279426575,0.9916375279426575,0.005989348515868187,0.002373110270127654,forward,0.008362458785995841
任务调度启动，并且按时执行了。,left,0,left,左向(因果),0.9927358627319336,0.9927358627319336,0.0052400133572518826,0.002024154644459486,forward,0.0072641680017113686
"The circuit closed, completing the connection.",left,0,left,左向(因果),0.9912649989128113,0.9912649989128113,0.006435776595026255,0.002299233339726925,forward,0.00873500993475318
他配置环境，而且安装了依赖。,left,0,left,左向(因果),0.9918715953826904,0.9918715953826904,0.005863426718860865,0.0022649720776826143,forward,0.008128398796543479
"The document printed, producing clear copies.",left,0,left,左向(因果),0.9918928146362305,0.9918928146362305,0.005783931817859411,0.002323267050087452,forward,0.008107198867946863
她加密数据，同时生成了密钥。,left,0,left,左向(因果),0.9938837885856628,0.9938837885856628,0.004053850658237934,0.002062432235106826,forward,0.00611628289334476
"He monitored the system, detecting anomalies promptly.",left,0,left,左向(因果),0.9834401607513428,0.9834401607513428,0.012999163009226322,0.003560720942914486,forward,0.016559883952140808
日志轮转完成，并且归档了旧文件。,left,0,left,左向(因果),0.9922071099281311,0.9922071099281311,0.0058998786844313145,0.0018930950900539756,forward,0.00779297377448529
"The reaction occurred, producing the expected compound.",left,0,left,左向(因果),0.9859794974327087,0.9859794974327087,0.010699511505663395,0.003321033902466297,forward,0.014020545408129692
他测量距离，而且记录了数据。,left,0,left,左向(因果),0.993989109992981,0.993989109992981,0.00432419590651989,0.0016867776867002249,forward,0.006010973593220115
"She indexed the database, improving query speed.",left,0,left,左向(因果),0.9918889403343201,0.9918889403343201,0.005979177542030811,0.002131941495463252,forward,0.008111119037494063
权限验证通过，同时授予了访问。,left,0,left,左向(因果),0.9931206107139587,0.9931206107139587,0.005170863587409258,0.001708503346890211,forward,0.006879366934299469
"The signal transmitted, reaching the receiver clearly.",left,0,left,左向(因果),0.979572594165802,0.979572594165802,0.015756193548440933,0.004671186674386263,forward,0.020427380222827196
他解析数据，并且生成了报表。,left,0,left,左向(因果),0.9941613078117371,0.9941613078117371,0.004241293296217918,0.0015972857363522053,forward,0.005838579032570124
"The valve opened, releasing pressure gradually.",left,0,left,左向(因果),0.9908621311187744,0.9908621311187744,0.006445738021284342,0.002692236565053463,forward,0.009137974586337805
她压缩图片，而且保持了质量。,left,0,left,左向(因果),0.9872304797172546,0.9872304797172546,0.006334908772259951,0.0064346687868237495,forward,0.0127695775590837
"He calibrated the sensor, ensuring accurate readings.",left,0,left,左向(因果),0.9808926582336426,0.9808926582336426,0.014865007251501083,0.0042422921396791935,forward,0.019107299391180277
消息队列清空，同时释放了资源。,left,0,left,左向(因果),0.9922939538955688,0.9922939538955688,0.0057412427850067616,0.001964838244020939,forward,0.0077060810290277
"The transaction committed, updating all records.",left,0,left,左向(因果),0.9518516659736633,0.9518516659736633,0.02159099653363228,0.026557380333542824,forward,0.0481483768671751
他运行脚本，并且导出了结果。,left,0,left,左向(因果),0.9921626448631287,0.9921626448631287,0.005865147337317467,0.00197226763702929,forward,0.007837414974346757
"She formatted the drive, erasing all content.",left,0,left,左向(因果),0.9897023439407349,0.9897023439407349,0.007512323558330536,0.002785304794088006,forward,0.010297628352418542
认证成功，而且生成了令牌。,left,0,left,左向(因果),0.9940128922462463,0.9940128922462463,0.004215884953737259,0.0017712261760607362,forward,0.005987111129797995
"The satellite launched, entering orbit successfully.",left,0,left,左向(因果),0.9880545735359192,0.9880545735359192,0.009297283366322517,0.0026481542736291885,forward,0.011945437639951706
他解密文件，同时验证了签名。,left,0,left,左向(因果),0.9949659705162048,0.9949659705162048,0.0035954229533672333,0.0014385649701580405,forward,0.005033987923525274
"The lock engaged, securing the mechanism firmly.",left,0,left,左向(因果),0.9716053009033203,0.9716053009033203,0.01886943355202675,0.009525284171104431,forward,0.02839471772313118
她配置路由，并且测试了连通性。,left,0,left,左向(因果),0.9887670874595642,0.9887670874595642,0.008036220446228981,0.0031965873204171658,forward,0.011232807766646147
"He parsed the JSON, extracting relevant fields.",left,0,left,左向(因果),0.9929059743881226,0.9929059743881226,0.005169746000319719,0.0019242613343521953,forward,0.007094007334671915
缓存预热完成，而且提升了响应速度。,left,0,left,左向(因果),0.9930805563926697,0.9930805563926697,0.004838443361222744,0.0020809886045753956,forward,0.00691943196579814
"The catalyst accelerated, speeding up the reaction.",left,0,left,左向(因果),0.992816686630249,0.992816686630249,0.0053437985479831696,0.0018395674414932728,forward,0.007183365989476442
他序列化对象，同时保存了状态。,left,0,left,左向(因果),0.9944626688957214,0.9944626688957214,0.0038856128230690956,0.001651711412705481,forward,0.005537324235774577
"She migrated the data, preserving all relationships.",left,0,left,左向(因果),0.9904921650886536,0.9904921650886536,0.006939740851521492,0.0025679906830191612,forward,0.009507731534540653
负载均衡生效，并且分散了流量。,left,0,left,左向(因果),0.9895836710929871,0.9895836710929871,0.005770467221736908,0.004645766224712133,forward,0.010416233446449041
警报响了，原来是误报。,right,1,right,右向(反因果),0.994596540927887,0.003796113422140479,0.994596540927887,0.0016073755687102675,bidir,0.9962039164965972
股价大跌，看来是系统在升级。,right,1,right,右向(反因果),0.9774580001831055,0.012400886043906212,0.9774580001831055,0.010141094215214252,bidir,0.9875990943983197
门锁自己弹开，结果是电池没电。,right,1,right,右向(反因果),0.9910284876823425,0.006548342760652304,0.9910284876823425,0.002423157449811697,bidir,0.9934516451321542
他提前离场，真相是临时接到出差通知。,right,1,right,右向(反因果),0.9943079352378845,0.003984913695603609,0.9943079352378845,0.0017072082264348865,bidir,0.9960151434643194
会议突然延后，原来是场地临检。,right,1,right,右向(反因果),0.9954857230186462,0.0032088933512568474,0.9954857230186462,0.001305403420701623,bidir,0.9967911264393479
应用崩溃，其实是证书过期。,right,1,right,右向(反因果),0.9935490489006042,0.004610040225088596,0.9935490489006042,0.0018409243784844875,bidir,0.9953899732790887
大家都沉默，结果是消息还未核实。,right,1,right,右向(反因果),0.9859381318092346,0.008267595432698727,0.9859381318092346,0.00579430116340518,bidir,0.9917324329726398
服务器负载飙升，原来是备份在跑全量。,right,1,right,右向(反因果),0.9911585450172424,0.00606294022873044,0.9911585450172424,0.002778528491035104,bidir,0.9939370735082775
流量骤降，真相是埋点丢失。,right,1,right,右向(反因果),0.9901652932167053,0.006359948311001062,0.9901652932167053,0.003474769415333867,bidir,0.9936400626320392
他拒绝签字，看来是合同有漏洞。,right,1,right,右向(反因果),0.9932278990745544,0.004754841327667236,0.9932278990745544,0.002017262624576688,bidir,0.9952451616991311
KPI集体失守，其实是口径更新。,right,1,right,右向(反因果),0.9931848645210266,0.004717634059488773,0.9931848645210266,0.0020975300576537848,bidir,0.9952823945786804
日志里一片空白，结果是时区配置错了。,right,1,right,右向(反因果),0.9941455125808716,0.003968730103224516,0.9941455125808716,0.0018857120303437114,bidir,0.9960312246112153
她没回消息，原来是手机静音。,right,1,right,右向(反因果),0.9942856431007385,0.0038209573831409216,0.9942856431007385,0.0018933593528345227,bidir,0.996179002453573
测试通过，真相是用例覆盖太窄。,right,1,right,右向(反因果),0.9810794591903687,0.011070439592003822,0.9810794591903687,0.007850117050111294,bidir,0.98892957624048
工单暴增，看来是入口放开。,right,1,right,右向(反因果),0.991675078868866,0.005748878698796034,0.991675078868866,0.0025760841090232134,bidir,0.9942511629778892
门店爆满，其实是住店团购上线。,right,1,right,右向(反因果),0.9950097799301147,0.0035571635235100985,0.9950097799301147,0.0014330197591334581,bidir,0.9964427996892482
他忽然道歉，结果是看了监控回放。,right,1,right,右向(反因果),0.9919580221176147,0.005938856862485409,0.9919580221176147,0.002103138715028763,bidir,0.9940611608326435
退款激增，原来是活动规则写反了。,right,1,right,右向(反因果),0.992434024810791,0.005023001693189144,0.992434024810791,0.0025430487003177404,bidir,0.9949770735111088
发货变慢，真相是分拣线在维护。,right,1,right,右向(反因果),0.971112847328186,0.016922397539019585,0.971112847328186,0.011964673176407814,bidir,0.9830775205045938
缓存命中低，看来是热 Key 被换了。,right,1,right,右向(反因果),0.9497634172439575,0.027101045474410057,0.9497634172439575,0.02313552238047123,bidir,0.9728989396244287
转化上去了，其实是阈值被调低。,right,1,right,右向(反因果),0.9906071424484253,0.0060300519689917564,0.9906071424484253,0.003362790448591113,bidir,0.9939699328970164
他面无表情，结果是刚拔了牙。,right,1,right,右向(反因果),0.9834275841712952,0.010485867038369179,0.9834275841712952,0.006086559966206551,bidir,0.9895141441375017
路况全绿，原来是节假日限行。,right,1,right,右向(反因果),0.9909336566925049,0.0058122961781919,0.9909336566925049,0.0032540406100451946,bidir,0.9941876973025501
项目被叫停，真相是监管新规落地。,right,1,right,右向(反因果),0.9923143982887268,0.0053567648865282536,0.9923143982887268,0.002328798407688737,bidir,0.9946431966964155
她突然请假，看来是家里有人生病。,right,1,right,右向(反因果),0.995025098323822,0.003400957677513361,0.995025098323822,0.0015738883521407843,bidir,0.9965989866759628
代码一行未改，其实是热修在生效。,right,1,right,右向(反因果),0.9942243695259094,0.004055239725857973,0.9942243695259094,0.0017204534960910678,bidir,0.9959448230220005
财报难看，结果是一次性拨备拉低。,right,1,right,右向(反因果),0.7858747839927673,0.06610283255577087,0.7858747839927673,0.14802242815494537,bidir,0.9338972121477127
他语气强硬，原来是误会了邮件语境。,right,1,right,右向(反因果),0.990865170955658,0.005874663591384888,0.990865170955658,0.0032601773273199797,bidir,0.9941253482829779
新品没曝光，真相是物料审批卡住。,right,1,right,右向(反因果),0.9944276809692383,0.00390449445694685,0.9944276809692383,0.0016678617103025317,bidir,0.9960955426795408
下载暴增，看来是上了热门推荐。,right,1,right,右向(反因果),0.9922704696655273,0.005196797661483288,0.9922704696655273,0.0025327168405056,bidir,0.9948031865060329
"The alert was loud, it turned out to be a drill.",right,1,right,右向(反因果),0.9912420511245728,0.006404280662536621,0.9912420511245728,0.0023537033703178167,bidir,0.9935957544948906
"He left early, apparently because of a visa issue.",right,1,right,右向(反因果),0.9933746457099915,0.0045068576000630856,0.9933746457099915,0.00211851904168725,bidir,0.9954931647516787
"The dashboard froze, the reason was a stalled query.",right,1,right,右向(反因果),0.979036271572113,0.016295118257403374,0.979036271572113,0.004668629262596369,bidir,0.9837049008347094
"The office went dark, it turned out the breaker tripped.",right,1,right,右向(反因果),0.9708974957466125,0.024472668766975403,0.9708974957466125,0.004629819188266993,bidir,0.9755273149348795
"Her laptop kept rebooting, apparently a driver loop.",right,1,right,右向(反因果),0.9862655997276306,0.0102324727922678,0.9862655997276306,0.00350188254378736,bidir,0.989767482271418
"Numbers looked perfect, the reason was a test dataset.",right,1,right,右向(反因果),0.9902807474136353,0.007033770438283682,0.9902807474136353,0.002685406943783164,bidir,0.9929661543574184
"The deal collapsed, it turned out the escrow failed.",right,1,right,右向(反因果),0.9925253391265869,0.005357903894037008,0.9925253391265869,0.0021167078521102667,bidir,0.9946420469786972
"He didn’t reply, apparently his inbox hit quota.",right,1,right,右向(反因果),0.982018232345581,0.014270073734223843,0.982018232345581,0.0037116811145097017,bidir,0.9857299134600908
"The patch reverted, the reason was a post-deploy hook.",right,1,right,右向(反因果),0.9850929379463196,0.010012845508754253,0.9850929379463196,0.004894188605248928,bidir,0.9899871265515685
数据双倍统计，原来是重复上报。,right,1,right,右向(反因果),0.9600189328193665,0.015947414562106133,0.9600189328193665,0.024033604189753532,bidir,0.98405253700912
他迟到半小时，真相是地铁信号故障。,right,1,right,右向(反因果),0.9928756952285767,0.004986130632460117,0.9928756952285767,0.002138234442099929,bidir,0.9950139296706766
指标清零，结果是维度切换。,right,1,right,右向(反因果),0.9854474067687988,0.01064164936542511,0.9854474067687988,0.003911022562533617,bidir,0.9893584293313324
监管口径一变，看来是报表全部要改。,right,1,right,右向(反因果),0.981607973575592,0.010374878533184528,0.981607973575592,0.008017085492610931,bidir,0.989625059068203
她换座位，其实是阳光直射屏幕。,right,1,right,右向(反因果),0.9922394752502441,0.005247632507234812,0.9922394752502441,0.0025129285641014576,bidir,0.9947524038143456
合同回流慢，原来是章务排队。,right,1,right,右向(反因果),0.9826518297195435,0.009997791610658169,0.9826518297195435,0.007350343745201826,bidir,0.9900021734647453
评论区一片好评，真相是过滤词太严。,right,1,right,右向(反因果),0.9928467869758606,0.004823153372853994,0.9928467869758606,0.0023300477769225836,bidir,0.9951768347527832
FAQ猛增，看来是入口文案误导。,right,1,right,右向(反因果),0.9751739501953125,0.014407834969460964,0.9751739501953125,0.010418189689517021,bidir,0.9855921398848295
接口超时，其实是上游限流。,right,1,right,右向(反因果),0.9549720287322998,0.02263493463397026,0.9549720287322998,0.022393086925148964,bidir,0.9773651156574488
提现排队，结果是风控复核加强。,right,1,right,右向(反因果),0.9909633994102478,0.006365074776113033,0.9909633994102478,0.0026715584099292755,bidir,0.9936349578201771
他取消点赞，原来是手滑。,right,1,right,右向(反因果),0.9942144751548767,0.0039612608961761,0.9942144751548767,0.0018242551013827324,bidir,0.9960387302562594
网页像素糊，真相是压缩率过高。,right,1,right,右向(反因果),0.9724012613296509,0.01548884529620409,0.9724012613296509,0.012109937146306038,bidir,0.9845111984759569
她不说话，看来是在想更好的方案。,right,1,right,右向(反因果),0.8795033693313599,0.030868861824274063,0.8795033693313599,0.08962783962488174,bidir,0.9691312089562416
日志全是 WARN，其实是等级配置错。,right,1,right,右向(反因果),0.9931496977806091,0.004505836870521307,0.9931496977806091,0.0023444558028131723,bidir,0.9954941535834223
他把会议延后，结果是要等核心数据。,right,1,right,右向(反因果),0.5656465888023376,0.3530232608318329,0.5656465888023376,0.08133012056350708,bidir,0.6469767093658447
面试被拒，原来是岗位已满。,right,1,right,右向(反因果),0.9949387311935425,0.0034813068341463804,0.9949387311935425,0.0015799112152308226,bidir,0.9965186424087733
订单被拆分，真相是跨仓调拨。,right,1,right,右向(反因果),0.9911524653434753,0.005986418575048447,0.9911524653434753,0.002861117012798786,bidir,0.9940135823562741
样品退回，看来是规格不匹配。,right,1,right,右向(反因果),0.9825913310050964,0.010395417921245098,0.9825913310050964,0.007013315334916115,bidir,0.9896046463400126
他一直看表，其实是要准点服药。,right,1,right,右向(反因果),0.9578227996826172,0.01854734867811203,0.9578227996826172,0.023629935458302498,bidir,0.9814527351409197
热搜掉了，结果是话题被折叠。,right,1,right,右向(反因果),0.9928699135780334,0.00496666319668293,0.9928699135780334,0.0021634267177432775,bidir,0.9950333402957767
短信没收到，原来是屏蔽了通知。,right,1,right,右向(反因果),0.9953867793083191,0.0032559207174926996,0.9953867793083191,0.0013572697062045336,bidir,0.9967440490145236
流媒体卡顿，真相是 CDN 区域失衡。,right,1,right,右向(反因果),0.9884445667266846,0.007539501413702965,0.9884445667266846,0.004015947226434946,bidir,0.9924605139531195
她换题演讲，看来是现场设备不支持。,right,1,right,右向(反因果),0.9926179051399231,0.005133036524057388,0.9926179051399231,0.0022490369156003,bidir,0.9948669420555234
评论忽然整齐，其实是同一批账号。,right,1,right,右向(反因果),0.9950689077377319,0.0034144187811762094,0.9950689077377319,0.0015166194643825293,bidir,0.9965855272021145
门口排长队，结果是单入口测温。,right,1,right,右向(反因果),0.9592174887657166,0.020620260387659073,0.9592174887657166,0.020162273198366165,bidir,0.9793797619640827
应急预案生效，原来是阈值过低触发。,right,1,right,右向(反因果),0.994215190410614,0.004023644141852856,0.994215190410614,0.001761236577294767,bidir,0.9959764269879088
他带伞出门，真相是看了内部门户预警。,right,1,right,右向(反因果),0.985210120677948,0.010955389589071274,0.985210120677948,0.003834452945739031,bidir,0.989044573623687
库存充足，看来是需求被低估。,right,1,right,右向(反因果),0.9883374571800232,0.007165417540818453,0.9883374571800232,0.004497160203754902,bidir,0.9928346173837781
Token 失效，其实是时钟漂移。,right,1,right,右向(反因果),0.9442888498306274,0.02761075831949711,0.9442888498306274,0.02810039557516575,bidir,0.9723892454057932
发票作废，结果是抬头写错。,right,1,right,右向(反因果),0.9912903308868408,0.005808712914586067,0.9912903308868408,0.0029009059071540833,bidir,0.9941912367939949
她翻旧账，原来是在做年终复盘。,right,1,right,右向(反因果),0.9848787188529968,0.009276454336941242,0.9848787188529968,0.005844875704497099,bidir,0.9907235945574939
评论一边倒，真相是话术模板外泄。,right,1,right,右向(反因果),0.47920936346054077,0.06730583310127258,0.47920936346054077,0.45348480343818665,bidir,0.9326941668987274
他急着走，看来是要去机场。,right,1,right,右向(反因果),0.9850617051124573,0.009080967865884304,0.9850617051124573,0.005857390817254782,bidir,0.9909190959297121
KOL 沉默，其实是签了竞业。,right,1,right,右向(反因果),0.9908615350723267,0.006915263365954161,0.9908615350723267,0.0022232397459447384,bidir,0.9930847748182714
按钮点不动，结果是禁用态样式太像可点。,right,1,right,右向(反因果),0.9704753160476685,0.016746941953897476,0.9704753160476685,0.0127777811139822,bidir,0.9832530971616507
粉丝数猛涨，原来是抽奖联动。,right,1,right,右向(反因果),0.9936769604682922,0.004285010974854231,0.9936769604682922,0.002037979895249009,bidir,0.9957149403635412
工期压缩，真相是并行化排期。,right,1,right,右向(反因果),0.9789295792579651,0.013868551701307297,0.9789295792579651,0.007201939355581999,bidir,0.9861315186135471
她没吃蛋糕，看来是乳糖不耐。,right,1,right,右向(反因果),0.9667648673057556,0.015249418094754219,0.9667648673057556,0.017985759302973747,bidir,0.9847506266087294
音量忽大忽小，其实是自动增益在作怪。,right,1,right,右向(反因果),0.9532212018966675,0.01844022609293461,0.9532212018966675,0.028338521718978882,bidir,0.9815597236156464
接口报 401，结果是密钥轮换。,right,1,right,右向(反因果),0.9606159925460815,0.02507990598678589,0.9606159925460815,0.014304060488939285,bidir,0.9749200530350208
他临阵改稿，原来是受众画像变了。,right,1,right,右向(反因果),0.9930140376091003,0.004749177023768425,0.9930140376091003,0.0022367897909134626,bidir,0.9952508274000138
看板全绿，真相是告警被静默。,right,1,right,右向(反因果),0.966529130935669,0.017241930589079857,0.966529130935669,0.01622896082699299,bidir,0.9827580917626619
他把电脑合上，看来是散热过热。,right,1,right,右向(反因果),0.9811192750930786,0.013831869699060917,0.9811192750930786,0.005048861727118492,bidir,0.9861681368201971
报销被打回，其实是缺行程单。,right,1,right,右向(反因果),0.9724203944206238,0.015338626690208912,0.9724203944206238,0.012240966781973839,bidir,0.9846613612025976
点赞数不涨，结果是去重算法更新。,right,1,right,右向(反因果),0.9877907037734985,0.008242782205343246,0.9877907037734985,0.003966534044593573,bidir,0.9917572378180921
她突然道谢，原来是你替她背锅了。,right,1,right,右向(反因果),0.9954108595848083,0.0032212103251367807,0.9954108595848083,0.001367948018014431,bidir,0.9967788076028228
夜里灯光一闪，真相是自检程序运行。,right,1,right,右向(反因果),0.9938592314720154,0.004327855072915554,0.9938592314720154,0.0018129493109881878,bidir,0.9956721807830036
他提前退场，看来是预约了医生。,right,1,right,右向(反因果),0.9872568845748901,0.009298853576183319,0.9872568845748901,0.0034443221520632505,bidir,0.9907012067269534
岗位临时关闭，其实是预算冻结。,right,1,right,右向(反因果),0.9936030507087708,0.0045122974552214146,0.9936030507087708,0.001884683035314083,bidir,0.9954877337440848
销量曲线异常，结果是口径含赠品。,right,1,right,右向(反因果),0.9911031723022461,0.006140058394521475,0.9911031723022461,0.0027567516081035137,bidir,0.9938599239103496
他把消息撤回，原来是发错群。,right,1,right,右向(反因果),0.9935922026634216,0.004255455918610096,0.9935922026634216,0.002152352361008525,bidir,0.9957445550244302
评论像复制，真相是脚本刷屏。,right,1,right,右向(反因果),0.9745572805404663,0.01332965400069952,0.9745572805404663,0.012113106437027454,bidir,0.9866703869774938
流量不涨，看来是埋点少埋了一个漏斗。,right,1,right,右向(反因果),0.8850532174110413,0.030671780928969383,0.8850532174110413,0.0842750072479248,bidir,0.9693282246589661
她发了个点，实际上是网络不稳。,right,1,right,右向(反因果),0.9688326120376587,0.015675019472837448,0.9688326120376587,0.015492400154471397,bidir,0.9843250121921301
"The queue stalled, it turned out a lock was held.",right,1,right,右向(反因果),0.9789462685585022,0.01676165498793125,0.9789462685585022,0.004292156081646681,bidir,0.9832384246401489
"Charts looked spiky, apparently sampling changed.",right,1,right,右向(反因果),0.9925830364227295,0.00527514424175024,0.9925830364227295,0.002141783246770501,bidir,0.9947248196695
"He paused the rollout, the reason was a bad canary.",right,1,right,右向(反因果),0.986192524433136,0.009583688341081142,0.986192524433136,0.0042237634770572186,bidir,0.9904162879101932
"The lights stayed on, it turned out the sensor lagged.",right,1,right,右向(反因果),0.9590529799461365,0.024316171184182167,0.9590529799461365,0.016630839556455612,bidir,0.9756838195025921
"Emails bounced, apparently DMARC failed.",right,1,right,右向(反因果),0.9929511547088623,0.004918798338621855,0.9929511547088623,0.002130059991031885,bidir,0.9950812146998942
"Latency improved, the reason was fewer retries.",right,1,right,右向(反因果),0.6730085015296936,0.09081535041332245,0.6730085015296936,0.23617610335350037,bidir,0.909184604883194
"Revenue dipped, it turned out a promo misfire.",right,1,right,右向(反因果),0.9897502064704895,0.0069548883475363255,0.9897502064704895,0.003294895403087139,bidir,0.9930451018735766
"He spoke softly, apparently a sore throat.",right,1,right,右向(反因果),0.9890632033348083,0.007867763750255108,0.9890632033348083,0.003069048747420311,bidir,0.9921322520822287
"The robot stopped, the reason was an E-stop tap.",right,1,right,右向(反因果),0.9919219017028809,0.005595204886049032,0.9919219017028809,0.0024828570894896984,bidir,0.9944047587923706
她脸色发白，原来是低血糖。,right,1,right,右向(反因果),0.9939913153648376,0.004086087457835674,0.9939913153648376,0.00192260614130646,bidir,0.9959139215061441
会场提早清场，真相是消防复检。,right,1,right,右向(反因果),0.9928243160247803,0.004956744145601988,0.9928243160247803,0.0022189586888998747,bidir,0.9950432747136801
指令被覆盖，结果是后置脚本。,right,1,right,右向(反因果),0.9712672829627991,0.01826467365026474,0.9712672829627991,0.010468054562807083,bidir,0.9817353375256062
他改了口风，看来是拿到新情报。,right,1,right,右向(反因果),0.9915253520011902,0.0059536839835345745,0.9915253520011902,0.002520948415622115,bidir,0.9940463004168123
排期不动，其实是关键人休假。,right,1,right,右向(反因果),0.9926032423973083,0.004936319775879383,0.9926032423973083,0.0024604175705462694,bidir,0.9950636599678546
页面秒开，原来是走了缓存副本。,right,1,right,右向(反因果),0.995057225227356,0.0035124572459608316,0.995057225227356,0.0014302917988970876,bidir,0.996487517026253
预算被砍，真相是优先级调整。,right,1,right,右向(反因果),0.9940010905265808,0.004282224923372269,0.9940010905265808,0.0017167108599096537,bidir,0.9957178013864905
他拒绝合影，看来是合同限制。,right,1,right,右向(反因果),0.9918584227561951,0.005644237156957388,0.9918584227561951,0.0024972883984446526,bidir,0.9943557111546397
屏幕忽暗，其实是省电策略触发。,right,1,right,右向(反因果),0.9296066761016846,0.025709766894578934,0.9296066761016846,0.0446835458278656,bidir,0.9742902219295502
会签没过，结果是权限链断了。,right,1,right,右向(反因果),0.9934787750244141,0.004636803176254034,0.9934787750244141,0.0018844472942873836,bidir,0.9953632223187014
她转身就走，原来是想起了快递。,right,1,right,右向(反因果),0.9950494170188904,0.0034545992966741323,0.9950494170188904,0.001495996257290244,bidir,0.9965454132761806
号段全空，真相是路由表丢了。,right,1,right,右向(反因果),0.993606448173523,0.004534400068223476,0.993606448173523,0.0018590976251289248,bidir,0.9954655457986519
他删除评论，看来是发现了歧义。,right,1,right,右向(反因果),0.9941316246986389,0.004054861608892679,0.9941316246986389,0.001813446287997067,bidir,0.995945070986636
数据倒挂，其实是 ETL 排序缺键。,right,1,right,右向(反因果),0.9736443161964417,0.01503149513155222,0.9736443161964417,0.011324228718876839,bidir,0.9849685449153185
他把话题岔开，结果是涉密内容。,right,1,right,右向(反因果),0.9919021725654602,0.00554613396525383,0.9919021725654602,0.0025516338646411896,bidir,0.9944538064301014
渠道打款慢，原来是跨境合规审查。,right,1,right,右向(反因果),0.9882822632789612,0.007299203425645828,0.9882822632789612,0.00441855238750577,bidir,0.992700815666467
空调忽冷忽热，真相是温感校准失准。,right,1,right,右向(反因果),0.9940564632415771,0.00417917687445879,0.9940564632415771,0.0017643981846049428,bidir,0.9958208614261821
她临时换鞋，看来是要上台演示。,right,1,right,右向(反因果),0.9895183444023132,0.00754032377153635,0.9895183444023132,0.002941321348771453,bidir,0.9924596657510847
计划被撤回，其实是上面试点失败。,right,1,right,右向(反因果),0.9920360445976257,0.005226102191954851,0.9920360445976257,0.0027378727681934834,bidir,0.9947739173658192
开会只十分钟，结果是结论已定。,right,1,right,右向(反因果),0.9932122230529785,0.004690201953053474,0.9932122230529785,0.0020975880324840546,bidir,0.9953098110854626
他点头连连，原来是耳机在通话。,right,1,right,右向(反因果),0.9939694404602051,0.004228069446980953,0.9939694404602051,0.0018025573808699846,bidir,0.9957719978410751
公告写得含蓄，真相是不便明说。,right,1,right,右向(反因果),0.8773899674415588,0.02949950471520424,0.8773899674415588,0.09311055392026901,bidir,0.9705005213618279
她收起笑容，看来是看到了坏消息。,right,1,right,右向(反因果),0.9881348609924316,0.007298114709556103,0.9881348609924316,0.004567043390125036,bidir,0.9927019043825567
照常运行，除非回归指标恶化。,bidirectional,2,bidirectional,双向,0.9916844367980957,0.004975287243723869,0.0033402496483176947,0.9916844367980957,bidir,0.9950246864464134
今晚部署，然而风险清单还在更新。,bidirectional,2,bidirectional,双向,0.9900510907173157,0.006322063039988279,0.0036269119009375572,0.9900510907173157,bidir,0.9936780026182532
代码很乱，但是跑得飞快。,bidirectional,2,bidirectional,双向,0.9840923547744751,0.0076394169591367245,0.008268250152468681,0.9840923547744751,bidir,0.9923606049269438
服务器宕机，可是数据还是保住了。,bidirectional,2,bidirectional,双向,0.9910110235214233,0.005236019846051931,0.003752993419766426,0.9910110235214233,bidir,0.9947640169411898
我们按原路线飞行，除非风速超标。,bidirectional,2,bidirectional,双向,0.9910562038421631,0.005519799422472715,0.0034239760134369135,0.9910562038421631,bidir,0.9944801798556
产品要上线，不过安全评审尚未结束。,bidirectional,2,bidirectional,双向,0.9914084076881409,0.005367576610296965,0.0032239616848528385,0.9914084076881409,bidir,0.9946323693729937
预算紧，但目标未降。,bidirectional,2,bidirectional,双向,0.9916402101516724,0.0052036503329873085,0.0031561735086143017,0.9916402101516724,bidir,0.9947963836602867
需求频改，然而质量不能掉。,bidirectional,2,bidirectional,双向,0.9927759170532227,0.004335821606218815,0.002888280199840665,0.9927759170532227,bidir,0.9956641972530633
你可以发布，除非法务未签回。,bidirectional,2,bidirectional,双向,0.9899197816848755,0.006439608056098223,0.0036406242288649082,0.9899197816848755,bidir,0.9935604059137404
他很着急，却依然保持礼貌。,bidirectional,2,bidirectional,双向,0.9914504885673523,0.005223017651587725,0.0033264425583183765,0.9914504885673523,bidir,0.9947769311256707
接口变快，但是误差上升。,bidirectional,2,bidirectional,双向,0.991797924041748,0.004893931560218334,0.003308167215436697,0.991797924041748,bidir,0.9951060912571847
营销很猛，然而留存偏低。,bidirectional,2,bidirectional,双向,0.9916889071464539,0.004864804912358522,0.0034462963230907917,0.9916889071464539,bidir,0.9951352034695446
继续开放评论，除非出现大规模灌水。,bidirectional,2,bidirectional,双向,0.9895563721656799,0.0066221547313034534,0.0038213972002267838,0.9895563721656799,bidir,0.9933777693659067
验证通过，可仍需灰度观察。,bidirectional,2,bidirectional,双向,0.9901164174079895,0.00629168376326561,0.0035919020883738995,0.9901164174079895,bidir,0.9937083194963634
设计保守，但是扩展性强。,bidirectional,2,bidirectional,双向,0.9933302998542786,0.003965475596487522,0.0027042191941291094,0.9933302998542786,bidir,0.9960345190484077
他话不多，却句句到点。,bidirectional,2,bidirectional,双向,0.9921696782112122,0.004763710778206587,0.0030666852835565805,0.9921696782112122,bidir,0.9952363634947687
模型轻量，然而召回受限。,bidirectional,2,bidirectional,双向,0.9929104447364807,0.004273350816220045,0.0028162498492747545,0.9929104447364807,bidir,0.9957266945857555
能出货，除非上游临停。,bidirectional,2,bidirectional,双向,0.9907318949699402,0.005845262203365564,0.0034228553995490074,0.9907318949699402,bidir,0.9941547503694892
计划如期，然而人手不足。,bidirectional,2,bidirectional,双向,0.9912351369857788,0.005477833561599255,0.003286974271759391,0.9912351369857788,bidir,0.9945221112575382
系统稳定，但告警不断。,bidirectional,2,bidirectional,双向,0.990310788154602,0.006274510640650988,0.0034147249534726143,0.990310788154602,bidir,0.9937255131080747
流程更简，但学习曲线更陡。,bidirectional,2,bidirectional,双向,0.9927132725715637,0.004421059507876635,0.002865622751414776,0.9927132725715637,bidir,0.9955788953229785
继续沿用老域名，除非 SEO 权重骤降。,bidirectional,2,bidirectional,双向,0.9909148812294006,0.005546026863157749,0.003539066528901458,0.9909148812294006,bidir,0.9944539477583021
文档详尽，然而示例太少。,bidirectional,2,bidirectional,双向,0.9919490814208984,0.004942711442708969,0.00310820946469903,0.9919490814208984,bidir,0.9950572908855975
服务可用，但波动增大。,bidirectional,2,bidirectional,双向,0.9908369779586792,0.0058060563169419765,0.003357007633894682,0.9908369779586792,bidir,0.9941939855925739
数据一致，除非异地回源失败。,bidirectional,2,bidirectional,双向,0.9919828772544861,0.004629821516573429,0.003387250006198883,0.9919828772544861,bidir,0.995370127260685
"She is strict, but fair.",bidirectional,2,bidirectional,双向,0.9936530590057373,0.003755656536668539,0.0025913252029567957,0.9936530590057373,bidir,0.9962443842086941
"We ship tonight, unless the canary flares.",bidirectional,2,bidirectional,双向,0.9905663132667542,0.005895877722650766,0.0035378215834498405,0.9905663132667542,bidir,0.994104134850204
"The UI is pretty, yet confusing.",bidirectional,2,bidirectional,双向,0.9936197400093079,0.0037482031621038914,0.00263204425573349,0.9936197400093079,bidir,0.9962517842650414
"He talks less, but delivers more.",bidirectional,2,bidirectional,双向,0.9920029640197754,0.004918902646750212,0.0030781705863773823,0.9920029640197754,bidir,0.9950811346061528
"Proceed as planned, unless legal objects.",bidirectional,2,bidirectional,双向,0.990501880645752,0.005855329800397158,0.0036427651066333055,0.990501880645752,bidir,0.9941446457523853
"Fast to learn, however hard to master.",bidirectional,2,bidirectional,双向,0.9912105798721313,0.00551527040079236,0.0032740782480686903,0.9912105798721313,bidir,0.9944846581202
"Keep comments open, unless spam floods.",bidirectional,2,bidirectional,双向,0.9902130961418152,0.006116597913205624,0.0036702649667859077,0.9902130961418152,bidir,0.9938833611086011
"Quiet outside, yet the logs scream.",bidirectional,2,bidirectional,双向,0.9895657300949097,0.00663516391068697,0.003799107624217868,0.9895657300949097,bidir,0.9933648377191275
"Thin client, but heavy backend.",bidirectional,2,bidirectional,双向,0.9921936988830566,0.004787144251167774,0.0030192139092832804,0.9921936988830566,bidir,0.9952129127923399
"Run batch now, unless the window closes.",bidirectional,2,bidirectional,双向,0.9907615780830383,0.005788630805909634,0.0034498050808906555,0.9907615780830383,bidir,0.994211383163929
价格很低，可售后一般。,bidirectional,2,bidirectional,双向,0.9914073348045349,0.005305036902427673,0.00328754517249763,0.9914073348045349,bidir,0.9946948799770325
体验顺滑，然而电池偏小。,bidirectional,2,bidirectional,双向,0.9892895817756653,0.00689755380153656,0.003812912618741393,0.9892895817756653,bidir,0.9931024943944067
通道更宽，但延迟更高。,bidirectional,2,bidirectional,双向,0.9933648109436035,0.003930911421775818,0.002704313024878502,0.9933648109436035,bidir,0.996069123968482
任务自动重试，除非人工介入。,bidirectional,2,bidirectional,双向,0.9903184175491333,0.005894402042031288,0.0037871745880693197,0.9903184175491333,bidir,0.9941055921372026
他很坦诚，却绕开了关键细节。,bidirectional,2,bidirectional,双向,0.9916438460350037,0.00504849711433053,0.003307653358206153,0.9916438460350037,bidir,0.9949514993932098
需求清晰，但是边界模糊。,bidirectional,2,bidirectional,双向,0.9921703934669495,0.004810463171452284,0.003019142895936966,0.9921703934669495,bidir,0.9951895363628864
样本更丰富，然而噪声也进来了。,bidirectional,2,bidirectional,双向,0.9928469061851501,0.004298188257962465,0.002854835009202361,0.9928469061851501,bidir,0.9957017411943525
版本可回滚，除非元数据损坏。,bidirectional,2,bidirectional,双向,0.9925175905227661,0.004520592745393515,0.0029617836698889732,0.9925175905227661,bidir,0.9954793741926551
流量会上升，但库存不一定跟上。,bidirectional,2,bidirectional,双向,0.992123544216156,0.004857440944761038,0.0030190004035830498,0.992123544216156,bidir,0.9951425446197391
日志全采集，然而成本陡增。,bidirectional,2,bidirectional,双向,0.990678071975708,0.005692843813449144,0.003629208542406559,0.990678071975708,bidir,0.9943072805181146
策略偏保守，但风险更低。,bidirectional,2,bidirectional,双向,0.9934418201446533,0.0038589464966207743,0.002699245698750019,0.9934418201446533,bidir,0.9961410658434033
继续扩容，除非水位回落。,bidirectional,2,bidirectional,双向,0.9861191511154175,0.009480584412813187,0.004400277975946665,0.9861191511154175,bidir,0.9905194290913641
能上线，然而埋点还不完善。,bidirectional,2,bidirectional,双向,0.9913520812988281,0.0053988127037882805,0.0032490629237145185,0.9913520812988281,bidir,0.9946011442225426
她看起来冷淡，但其实很热心。,bidirectional,2,bidirectional,双向,0.9904354810714722,0.005192255601286888,0.004372317343950272,0.9904354810714722,bidir,0.9948077984154224
产品需求增加，除非客户撤单。,bidirectional,2,bidirectional,双向,0.9926927089691162,0.004408034961670637,0.002899341518059373,0.9926927089691162,bidir,0.9955920504871756
我们走主路，除非前方封控。,bidirectional,2,bidirectional,双向,0.9921972155570984,0.004736011847853661,0.003066770499572158,0.9921972155570984,bidir,0.9952639860566705
下载量不高，不过留存稳定。,bidirectional,2,bidirectional,双向,0.9924539923667908,0.0045959739945828915,0.0029500473756343126,0.9924539923667908,bidir,0.9954040397424251
接口文档很新，然而实现滞后。,bidirectional,2,bidirectional,双向,0.9896760582923889,0.006590695586055517,0.0037333264481276274,0.9896760582923889,bidir,0.9934093847405165
可交付，除非审批卡壳。,bidirectional,2,bidirectional,双向,0.9921451210975647,0.0047822375781834126,0.0030726047698408365,0.9921451210975647,bidir,0.9952177258674055
定价灵活，但成本不可控。,bidirectional,2,bidirectional,双向,0.9926232099533081,0.004494660533964634,0.0028822009917348623,0.9926232099533081,bidir,0.995505410945043
压测通过，然而长尾抖动明显。,bidirectional,2,bidirectional,双向,0.9900364875793457,0.006236124783754349,0.0037273985799402,0.9900364875793457,bidir,0.9937638861592859
"She agreed, yet asked for safeguards.",bidirectional,2,bidirectional,双向,0.9918694496154785,0.004985944367945194,0.003144595306366682,0.9918694496154785,bidir,0.9950140449218452
"Looks simple, but hides complexity.",bidirectional,2,bidirectional,双向,0.9926854372024536,0.00416120421141386,0.003153335303068161,0.9926854372024536,bidir,0.9958387725055218
"Deploy at 9, unless the rollback fails.",bidirectional,2,bidirectional,双向,0.9879084229469299,0.007835588417947292,0.004255977459251881,0.9879084229469299,bidir,0.9921644004061818
"Quiet channel, yet alerts keep pinging.",bidirectional,2,bidirectional,双向,0.9909821152687073,0.005666852928698063,0.00335094821639359,0.9909821152687073,bidir,0.9943330634851009
"Proceed with A/B, unless traffic dips.",bidirectional,2,bidirectional,双向,0.991759717464447,0.005083720199763775,0.003156553953886032,0.991759717464447,bidir,0.994916271418333
"The spec is strict, however exceptions abound.",bidirectional,2,bidirectional,双向,0.9931271076202393,0.004110538400709629,0.0027623812202364206,0.9931271076202393,bidir,0.9958894888404757
"He is junior, but learns fast.",bidirectional,2,bidirectional,双向,0.993510901927948,0.003836668562144041,0.002652397146448493,0.993510901927948,bidir,0.9961632990743965
"Keep cache warm, unless hit rate collapses.",bidirectional,2,bidirectional,双向,0.9840609431266785,0.010431320406496525,0.005507666617631912,0.9840609431266785,bidir,0.9895686097443104
"SLA will hold, yet margins will thin.",bidirectional,2,bidirectional,双向,0.9931651949882507,0.004023321904242039,0.0028114758897572756,0.9931651949882507,bidir,0.995976670878008
批准继续推进，除非监管口径变动。,bidirectional,2,bidirectional,双向,0.9887719750404358,0.007210694719105959,0.004017277620732784,0.9887719750404358,bidir,0.9927892526611686
缓存保留七天，除非命中率持续走低。,bidirectional,2,bidirectional,双向,0.9926177859306335,0.004373400937765837,0.003008728614076972,0.9926177859306335,bidir,0.9956265145447105
灰度维持 10%，除非 p95 延迟飙升。,bidirectional,2,bidirectional,双向,0.9911780953407288,0.005247140768915415,0.0035747464280575514,0.9911780953407288,bidir,0.9947528417687863
外宣照常进行，除非舆情反转。,bidirectional,2,bidirectional,双向,0.9925202131271362,0.004441835451871157,0.0030379558447748423,0.9925202131271362,bidir,0.9955581689719111
今晚照常巡检，除非回归异常。,bidirectional,2,bidirectional,双向,0.9908608198165894,0.005655103828758001,0.0034840083681046963,0.9908608198165894,bidir,0.994344828184694
地面风平，但高空乱流。,bidirectional,2,bidirectional,双向,0.9894713163375854,0.006752184592187405,0.003776551689952612,0.9894713163375854,bidir,0.9932478680275381
页面更朴素，然而转化更高。,bidirectional,2,bidirectional,双向,0.9930398464202881,0.004170828033238649,0.002789244754239917,0.9930398464202881,bidir,0.995829091174528
指标更漂亮，但是解释性更差。,bidirectional,2,bidirectional,双向,0.9929810762405396,0.003979596309363842,0.003039366565644741,0.9929810762405396,bidir,0.9960204428061843
"She smiled, but kept a distance.",bidirectional,2,bidirectional,双向,0.9886314272880554,0.007351867854595184,0.004016706254333258,0.9886314272880554,bidir,0.9926481335423887
"We keep the beta open, unless abuse spikes.",bidirectional,2,bidirectional,双向,0.9923886656761169,0.004609155002981424,0.0030021648854017258,0.9923886656761169,bidir,0.9953908305615187
"Run the cleanup, unless fresh writes arrive.",bidirectional,2,bidirectional,双向,0.9895513653755188,0.00658986484631896,0.0038588785100728273,0.9895513653755188,bidir,0.9934102438855916
"Stable in average, yet bursty at tail.",bidirectional,2,bidirectional,双向,0.9915812611579895,0.005244151689112186,0.0031745322048664093,0.9915812611579895,bidir,0.9947557933628559
"Good availability, however poor fidelity.",bidirectional,2,bidirectional,双向,0.9919651746749878,0.004889979027211666,0.0031448989175260067,0.9919651746749878,bidir,0.9951100735925138
批准采购，除非供应商违约。,bidirectional,2,bidirectional,双向,0.9899903535842896,0.006297029554843903,0.0037126936949789524,0.9899903535842896,bidir,0.9937030472792685
课堂上线，除非服务器维护。,bidirectional,2,bidirectional,双向,0.9905237555503845,0.006000174675136805,0.003476027399301529,0.9905237555503845,bidir,0.993999782949686
他愿意帮忙，但没有时间。,bidirectional,2,bidirectional,双向,0.9926397800445557,0.004455404821783304,0.0029048549477010965,0.9926397800445557,bidir,0.9955446349922568
我们继续观测，除非误报概率下降。,bidirectional,2,bidirectional,双向,0.9918881058692932,0.004880058113485575,0.003231827635318041,0.9918881058692932,bidir,0.9951199335046113
报告写得漂亮，然而结论偏颇。,bidirectional,2,bidirectional,双向,0.9913548827171326,0.004783096723258495,0.003862138371914625,0.9913548827171326,bidir,0.9952170210890472
她很谦逊，但观点锋利。,bidirectional,2,bidirectional,双向,0.992403507232666,0.004640839993953705,0.002955664647743106,0.992403507232666,bidir,0.9953591718804091
截图清晰，然而复现困难。,bidirectional,2,bidirectional,双向,0.9912494421005249,0.00529901497066021,0.003451503813266754,0.9912494421005249,bidir,0.9947009459137917
可以走自动流，除非人工标记。,bidirectional,2,bidirectional,双向,0.9900757670402527,0.0060859606601297855,0.003838367061689496,0.9900757670402527,bidir,0.9939141341019422
不裁剪模型，可是推理也要跟上。,bidirectional,2,bidirectional,双向,0.992809534072876,0.0043190643191337585,0.0028715033549815416,0.992809534072876,bidir,0.9956810374278575
仍用老协议，不过加一层适配。,bidirectional,2,bidirectional,双向,0.992849588394165,0.0043066032230854034,0.002843712456524372,0.992849588394165,bidir,0.9956933008506894
她讲得很慢，却把难点讲明白。,bidirectional,2,bidirectional,双向,0.9908022880554199,0.005438139196485281,0.0037595387548208237,0.9908022880554199,bidir,0.9945618268102407
文案有趣，但搜索性差。,bidirectional,2,bidirectional,双向,0.9920492768287659,0.00489039346575737,0.003060330171138048,0.9920492768287659,bidir,0.9951096069999039
留存不错，然而增长停滞。,bidirectional,2,bidirectional,双向,0.9919993281364441,0.004928501322865486,0.003072153078392148,0.9919993281364441,bidir,0.9950714812148362
低耦合，但高延迟。,bidirectional,2,bidirectional,双向,0.9921384453773499,0.004800922237336636,0.003060605376958847,0.9921384453773499,bidir,0.9951990507543087
解耦上线，除非跨域失败。,bidirectional,2,bidirectional,双向,0.9918127059936523,0.004980792291462421,0.0032064334955066442,0.9918127059936523,bidir,0.995019139489159
日志全打，然而信噪比堪忧。,bidirectional,2,bidirectional,双向,0.9891391396522522,0.006447108928114176,0.0044137537479400635,0.9891391396522522,bidir,0.9935528934001923
"He can lead, but needs guidance.",bidirectional,2,bidirectional,双向,0.9923585057258606,0.004645163659006357,0.002996215596795082,0.9923585057258606,bidir,0.9953547213226557
"Ship on Friday, unless legal flags the clause.",bidirectional,2,bidirectional,双向,0.9903134107589722,0.005987194832414389,0.0036994260735809803,0.9903134107589722,bidir,0.9940128368325531
"Keep the feature hidden, unless adoption demands it.",bidirectional,2,bidirectional,双向,0.9909818768501282,0.005323514807969332,0.0036946998443454504,0.9909818768501282,bidir,0.9946765766944736
他是新人，但是可靠。,bidirectional,2,bidirectional,双向,0.9924457669258118,0.0045869676396250725,0.002967359032481909,0.9924457669258118,bidir,0.9954131259582937
她很坚定，然而方法保守。,bidirectional,2,bidirectional,双向,0.9926942586898804,0.0043951463885605335,0.0029106938745826483,0.9926942586898804,bidir,0.995604952564463
沿用旧流程，除非审计要求变更。,bidirectional,2,bidirectional,双向,0.9915053248405457,0.005082416348159313,0.0034121728967875242,0.9915053248405457,bidir,0.9949174977373332
图像更清晰，但压缩更慢。,bidirectional,2,bidirectional,双向,0.9929925203323364,0.004191043321043253,0.0028164824470877647,0.9929925203323364,bidir,0.9958090027794242
能达成共识，除非需求变天。,bidirectional,2,bidirectional,双向,0.9925265312194824,0.004411602858453989,0.0030618023592978716,0.9925265312194824,bidir,0.9955883335787803
她接受方案，不过要求双人复核。,bidirectional,2,bidirectional,双向,0.9909529685974121,0.005650108680129051,0.0033969765063375235,0.9909529685974121,bidir,0.9943499451037496
训练更快，然而泛化更差。,bidirectional,2,bidirectional,双向,0.9928690791130066,0.004281527362763882,0.0028493280988186598,0.9928690791130066,bidir,0.9957184072118253
他会写代码，但不懂测试。,bidirectional,2,bidirectional,双向,0.9909676909446716,0.005595284514129162,0.003437070408836007,0.9909676909446716,bidir,0.9944047613535076
我们先按 A 案执行，除非试点结果反证。,bidirectional,2,bidirectional,双向,0.990814745426178,0.005632794927805662,0.003552559297531843,0.990814745426178,bidir,0.9943673047237098
他是一名矿工，而且是一名经验丰富的矿工。,left,0,left,左向(因果),0.9943981766700745,0.9943981766700745,0.003985275514423847,0.0016164990374818444,forward,0.005601774551905692
警报响了，同时巡检启动。,left,0,left,左向(因果),0.9946706891059875,0.9946706891059875,0.0038712737150490284,0.0014579350827261806,forward,0.005329208797775209
她按流程复核，并且同步给所有人。,left,0,left,左向(因果),0.9905067086219788,0.9905067086219788,0.007104415912181139,0.0023889951407909393,forward,0.009493411052972078
我写完报告，而且上传了附件。,left,0,left,左向(因果),0.9949547648429871,0.9949547648429871,0.0035953824408352375,0.0014498312957584858,forward,0.005045213736593723
他们到达会场，同时完成签到。,left,0,left,左向(因果),0.9891820549964905,0.9891820549964905,0.008541402406990528,0.0022765465546399355,forward,0.010817948961630464
我们锁定版本，并且打上里程碑。,left,0,left,左向(因果),0.99473637342453,0.99473637342453,0.0036870306357741356,0.0015765078132972121,forward,0.005263538449071348
他备份完数据库，而且做了恢复演练。,left,0,left,左向(因果),0.9932640790939331,0.9932640790939331,0.00498321233317256,0.0017526920419186354,forward,0.006735904375091195
数据清洗结束，同时触发特征生成。,left,0,left,左向(因果),0.9938228130340576,0.9938228130340576,0.004460714757442474,0.0017164029413834214,forward,0.006177117698825896
她先建模，并且跑了五折验证。,left,0,left,左向(因果),0.9946799874305725,0.9946799874305725,0.0037890244275331497,0.0015309043228626251,forward,0.005319928750395775
我喝完咖啡，同时检查收件箱。,left,0,left,左向(因果),0.9938550591468811,0.9938550591468811,0.004566645249724388,0.0015781904803588986,forward,0.006144835730083287
他整理代码，而且补齐了注释。,left,0,left,左向(因果),0.9945606589317322,0.9945606589317322,0.003893593093380332,0.001545742154121399,forward,0.005439335247501731
我们下发通知，并且更新 FAQ。,left,0,left,左向(因果),0.9948953986167908,0.9948953986167908,0.003623365191742778,0.0014812288573011756,forward,0.005104594049043953
她推送版本，同时监控回归。,left,0,left,左向(因果),0.989956796169281,0.989956796169281,0.0068551828153431416,0.003187956288456917,forward,0.010043139103800058
他们合并主干，而且删除冗余分支。,left,0,left,左向(因果),0.9914767146110535,0.9914767146110535,0.006337352562695742,0.0021858569234609604,forward,0.008523209486156702
我关掉闹钟，并且起床开窗。,left,0,left,左向(因果),0.9941346049308777,0.9941346049308777,0.00435024406760931,0.0015151954721659422,forward,0.005865439539775252
他发起评审，而且记录结论。,left,0,left,左向(因果),0.9940159320831299,0.9940159320831299,0.004290660377591848,0.0016934254672378302,forward,0.0059840858448296785
我们冻结需求，同时开启测试回归。,left,0,left,左向(因果),0.9881121516227722,0.9881121516227722,0.008399885147809982,0.0034879420418292284,forward,0.01188782718963921
她确认名单，并且预约会议室。,left,0,left,左向(因果),0.9938931465148926,0.9938931465148926,0.004522439558058977,0.0015844280133023858,forward,0.006106867571361363
我完成作业，而且检查了答案。,left,0,left,左向(因果),0.9943286776542664,0.9943286776542664,0.0040954649448394775,0.0015758615918457508,forward,0.005671326536685228
他拷贝数据，同时校验哈希。,left,0,left,左向(因果),0.99395751953125,0.99395751953125,0.004298796411603689,0.0017436686903238297,forward,0.006042465101927519
We compiled the code and then ran the suite.,left,0,left,左向(因果),0.9902125000953674,0.9902125000953674,0.007385230157524347,0.0024023207370191813,forward,0.009787550894543529
I finished the draft and submitted for review.,left,0,left,左向(因果),0.9933607578277588,0.9933607578277588,0.004858751315623522,0.0017804661765694618,forward,0.006639217492192984
They loaded the data and started the training.,left,0,left,左向(因果),0.9931915402412415,0.9931915402412415,0.005031747277826071,0.0017766893142834306,forward,0.006808436592109501
She saved the file and backed it up.,left,0,left,左向(因果),0.981721043586731,0.981721043586731,0.01502356119453907,0.0032554250210523605,forward,0.01827898621559143
Push artifacts and then promote to prod.,left,0,left,左向(因果),0.9879381060600281,0.9879381060600281,0.008905202150344849,0.0031566971447318792,forward,0.012061899295076728
He set the timer and began the test.,left,0,left,左向(因果),0.9929004907608032,0.9929004907608032,0.005323413759469986,0.0017761687049642205,forward,0.0070995824644342065
We merged the PR and kicked off deploy.,left,0,left,左向(因果),0.9873459935188293,0.9873459935188293,0.00954816211014986,0.003105894662439823,forward,0.012654056772589684
I cleaned the cache and retried the job.,left,0,left,左向(因果),0.9927365779876709,0.9927365779876709,0.005343367345631123,0.001920179114677012,forward,0.0072635464603081346
They staged the change and monitored logs.,left,0,left,左向(因果),0.9852989912033081,0.9852989912033081,0.011812012642621994,0.0028890101239085197,forward,0.014701022766530514
She zipped the folder and uploaded it.,left,0,left,左向(因果),0.988742470741272,0.988742470741272,0.00882584135979414,0.0024317747447639704,forward,0.01125761610455811
他解锁手机，然后打开导航。,left,0,left,左向(因果),0.9951554536819458,0.9951554536819458,0.003411382669582963,0.0014332295395433903,forward,0.004844612209126353
清点完物料，随后开始装配。,left,0,left,左向(因果),0.9946658611297607,0.9946658611297607,0.0039016178343445063,0.0014325244119390845,forward,0.005334142246283591
跑完压测，接着调参。,left,0,left,左向(因果),0.9927660226821899,0.9927660226821899,0.0053435261361300945,0.0018904656171798706,forward,0.007233991753309965
采样完成，然后入库。,left,0,left,左向(因果),0.9950624108314514,0.9950624108314514,0.003498781705275178,0.0014387044357135892,forward,0.004937486140988767
下单之后，立刻支付。,left,0,left,左向(因果),0.9948712587356567,0.9948712587356567,0.0036875305231660604,0.0014412401942536235,forward,0.005128770717419684
接入完成，随后验收。,left,0,left,左向(因果),0.9950118064880371,0.9950118064880371,0.0035467646084725857,0.0014414438046514988,forward,0.0049882084131240845
对齐口径，然后发布公告。,left,0,left,左向(因果),0.9942770600318909,0.9942770600318909,0.004055454861372709,0.0016676090890541673,forward,0.0057230639504268765
预热缓存，接着回源校验。,left,0,left,左向(因果),0.9932934045791626,0.9932934045791626,0.0047551547177135944,0.0019515117164701223,forward,0.006706666434183717
打印标签，然后打包发货。,left,0,left,左向(因果),0.9948569536209106,0.9948569536209106,0.003701910376548767,0.0014412194723263383,forward,0.005143129848875105
拉取镜像，接着启动容器。,left,0,left,左向(因果),0.9947475790977478,0.9947475790977478,0.003759793471544981,0.0014926244039088488,forward,0.00525241787545383
他先洗手，而且戴上手套。,left,0,left,左向(因果),0.9944696426391602,0.9944696426391602,0.003832877380773425,0.0016975104808807373,forward,0.005530387861654162
我们先定位问题，并且复现路径。,left,0,left,左向(因果),0.9868382811546326,0.9868382811546326,0.008537824265658855,0.00462383683770895,forward,0.013161661103367805
她先写接口文档，而且补充示例。,left,0,left,左向(因果),0.9808750152587891,0.9808750152587891,0.007772208657115698,0.01135275699198246,forward,0.019124965649098158
我先看需求，并且列出边界条件。,left,0,left,左向(因果),0.9493305087089539,0.9493305087089539,0.012055802159011364,0.038613755255937576,forward,0.05066955741494894
他们先画原型，并且走可用性测试。,left,0,left,左向(因果),0.9867216348648071,0.9867216348648071,0.009467866271734238,0.0038104502018541098,forward,0.013278316473588347
先测单元，同时准备集成测试。,left,0,left,左向(因果),0.9824459552764893,0.9824459552764893,0.009537961333990097,0.008016097359359264,forward,0.01755405869334936
先做数据透视，并且导出图表。,left,0,left,左向(因果),0.9934413433074951,0.9934413433074951,0.004774477332830429,0.001784091698937118,forward,0.006558569031767547
先清理冗余，同时重跑任务。,left,0,left,左向(因果),0.9936969876289368,0.9936969876289368,0.004425440449267626,0.0018775128992274404,forward,0.006302953348495066
先切换镜像，并且验证健康检查。,left,0,left,左向(因果),0.9941127896308899,0.9941127896308899,0.00427434965968132,0.0016128818970173597,forward,0.00588723155669868
先改标题，同时优化摘要。,left,0,left,左向(因果),0.9931275844573975,0.9931275844573975,0.004867107141762972,0.0020052744075655937,forward,0.006872381549328566
He packed the bag and locked the door.,left,0,left,左向(因果),0.9926314353942871,0.9926314353942871,0.005610153544694185,0.0017584309680387378,forward,0.007368584512732923
We wrote tests and refactored the module.,left,0,left,左向(因果),0.9819443225860596,0.9819443225860596,0.013158061541616917,0.004897639621049166,forward,0.018055701162666082
She booked tickets and arranged the hotel.,left,0,left,左向(因果),0.989947497844696,0.989947497844696,0.007783054374158382,0.002269425895065069,forward,0.010052480269223452
They finished onboarding and joined the standup.,left,0,left,左向(因果),0.9915545582771301,0.9915545582771301,0.006462852470576763,0.0019826418720185757,forward,0.008445494342595339
I washed the cup and brewed the tea.,left,0,left,左向(因果),0.9835395812988281,0.9835395812988281,0.012417261488735676,0.004043122753500938,forward,0.016460384242236614
He fetched the key and opened the gate.,left,0,left,左向(因果),0.992202877998352,0.992202877998352,0.0059113884344697,0.0018857065588235855,forward,0.007797094993293285
We warmed the service and flipped traffic.,left,0,left,左向(因果),0.9927452206611633,0.9927452206611633,0.005364327225834131,0.0018904260359704494,forward,0.007254753261804581
She labeled data and launched training.,left,0,left,左向(因果),0.9933727979660034,0.9933727979660034,0.00497403321787715,0.001653126673772931,forward,0.006627159891650081
They cleaned tables and closed the store.,left,0,left,左向(因果),0.9901948571205139,0.9901948571205139,0.0075307562947273254,0.0022744308225810528,forward,0.009805187117308378
I updated drivers and rebooted the laptop.,left,0,left,左向(因果),0.9831835031509399,0.9831835031509399,0.013699485920369625,0.0031170574948191643,forward,0.01681654341518879
他确认指令，然后执行脚本。,left,0,left,左向(因果),0.9944550395011902,0.9944550395011902,0.003993295133113861,0.0015516271814703941,forward,0.005544922314584255
她备好讲义，然后开始答辩。,left,0,left,左向(因果),0.9947655200958252,0.9947655200958252,0.003694347571581602,0.001540033146739006,forward,0.005234380718320608
我起草合同，然后发给法务。,left,0,left,左向(因果),0.9944855570793152,0.9944855570793152,0.003900910494849086,0.0016134866746142507,forward,0.0055143971694633365
我们打标签，然后训练模型。,left,0,left,左向(因果),0.9949712753295898,0.9949712753295898,0.0035674625542014837,0.0014612269587814808,forward,0.0050286895129829645
他发公告，然后回收旧版。,left,0,left,左向(因果),0.9949919581413269,0.9949919581413269,0.0035466940607875586,0.0014612572267651558,forward,0.005007951287552714
她复核账目，然后归档凭证。,left,0,left,左向(因果),0.9938353300094604,0.9938353300094604,0.00447822967544198,0.0016865166835486889,forward,0.006164746358990669
我创建任务，然后指派负责人。,left,0,left,左向(因果),0.9942231774330139,0.9942231774330139,0.004135217051953077,0.0016416662838310003,forward,0.005776883335784078
我们对齐接口，然后联调。,left,0,left,左向(因果),0.9731541275978088,0.9731541275978088,0.0106327710673213,0.01621304079890251,forward,0.026845811866223812
他完成交付，然后申请结项。,left,0,left,左向(因果),0.9945769309997559,0.9945769309997559,0.0039012690540403128,0.001521802507340908,forward,0.005423071561381221
她提交申请，然后等待审批。,left,0,left,左向(因果),0.9947572946548462,0.9947572946548462,0.0037087758537381887,0.0015340164536610246,forward,0.005242792307399213
先盘点风险，而且制定预案。,left,0,left,左向(因果),0.9928379654884338,0.9928379654884338,0.004818403162062168,0.0023437198251485825,forward,0.007162122987210751
先确认样式，并且同步设计。,left,0,left,左向(因果),0.9939883947372437,0.9939883947372437,0.004126173909753561,0.0018854140071198344,forward,0.0060115879168733954
先校验依赖，同时锁版本。,left,0,left,左向(因果),0.9941844344139099,0.9941844344139099,0.004167487379163504,0.001648027217015624,forward,0.005815514596179128
先清空缓存，并且重启服务。,left,0,left,左向(因果),0.9943477511405945,0.9943477511405945,0.004000670276582241,0.0016515204915776849,forward,0.005652190768159926
先回滚流量，同时定位原因。,left,2,bidirectional,双向,0.8524205088615417,0.1268557608127594,0.02072380669414997,0.8524205088615417,bidir,0.8731443155556917
先写 changelog，并且打 tag。,left,0,left,左向(因果),0.9926793575286865,0.9926793575286865,0.004597017541527748,0.00272364285774529,forward,0.007320660399273038
先跑 smoke，同时盯日志。,left,0,left,左向(因果),0.9825925827026367,0.9825925827026367,0.012749193236231804,0.004658213816583157,forward,0.01740740705281496
先检查权限，并且补齐白名单。,left,0,left,左向(因果),0.9924246072769165,0.9924246072769165,0.005587117746472359,0.001988261006772518,forward,0.007575378753244877
先拉群沟通，同时记录纪要。,left,0,left,左向(因果),0.9636598825454712,0.9636598825454712,0.015945488587021828,0.020394589751958847,forward,0.036340078338980675
先抓包分析，并且标注时间戳。,left,0,left,左向(因果),0.9923560619354248,0.9923560619354248,0.005608597304672003,0.0020352706778794527,forward,0.0076438679825514555
We cloned the repo and installed dependencies.,left,0,left,左向(因果),0.9829099774360657,0.9829099774360657,0.009787856601178646,0.007302186451852322,forward,0.017090043053030968
I drafted the email and CCed the team.,left,0,left,左向(因果),0.9921574592590332,0.9921574592590332,0.005945855285972357,0.0018967011710628867,forward,0.007842556457035244
They ran migration and verified the schema.,left,0,left,左向(因果),0.9930470585823059,0.9930470585823059,0.005120233166962862,0.0018328207079321146,forward,0.006953053874894977
She opened the PR and addressed comments.,left,0,left,左向(因果),0.9925313591957092,0.9925313591957092,0.005675712134689093,0.0017929321620613337,forward,0.007468644296750426
We tagged v1.2 and built the image.,left,0,left,左向(因果),0.9926570057868958,0.9926570057868958,0.00529101537540555,0.002051855670288205,forward,0.007342871045693755
I compiled notes and shared the deck.,left,0,left,左向(因果),0.9853687882423401,0.9853687882423401,0.010651196353137493,0.003980061039328575,forward,0.014631257392466068
They tuned hyperparams and resumed training.,left,0,left,左向(因果),0.989683985710144,0.989683985710144,0.0075415861792862415,0.002774394815787673,forward,0.010315980995073915
She set alerts and calibrated thresholds.,left,0,left,左向(因果),0.980987548828125,0.980987548828125,0.015656160190701485,0.0033562539611011744,forward,0.01901241415180266
We rotated keys and updated configs.,left,0,left,左向(因果),0.99309903383255,0.99309903383255,0.005110509693622589,0.001790457172319293,forward,0.006900966865941882
I queued jobs and monitored progress.,left,0,left,左向(因果),0.9935184121131897,0.9935184121131897,0.00472844485193491,0.0017531408229842782,forward,0.006481585674919188
他扫完码，然后进站候车。,left,0,left,左向(因果),0.9948301911354065,0.9948301911354065,0.0037674568593502045,0.001402307185344398,forward,0.0051697640446946025
她把图纸打印，然后交给工人。,left,0,left,左向(因果),0.9941818118095398,0.9941818118095398,0.004208374302834272,0.0016098467167466879,forward,0.00581822101958096
我把样本分桶，然后抽检。,left,0,left,左向(因果),0.9944567680358887,0.9944567680358887,0.00398551020771265,0.0015577030135318637,forward,0.005543213221244514
我们把任务拆解，然后并行推进。,left,0,left,左向(因果),0.9940285682678223,0.9940285682678223,0.003991582430899143,0.001979839988052845,forward,0.005971422418951988
他把工单分派，然后跟进回访。,left,0,left,左向(因果),0.9941086769104004,0.9941086769104004,0.004102564416825771,0.0017887803260236979,forward,0.005891344742849469
她把草稿润色，然后上传终稿。,left,0,left,左向(因果),0.994584858417511,0.994584858417511,0.003878507297486067,0.0015367490705102682,forward,0.005415256367996335
我把包更新，并且跑了回归。,left,0,left,左向(因果),0.994263231754303,0.994263231754303,0.004200506489723921,0.001536252093501389,forward,0.00573675858322531
我们把口径冻结，同时发出公告。,left,0,left,左向(因果),0.9888113737106323,0.9888113737106323,0.0083894282579422,0.0027991507668048143,forward,0.011188579024747014
他把依赖升级，并且修复警告。,left,0,left,左向(因果),0.9924091100692749,0.9924091100692749,0.005587030667811632,0.0020038236398249865,forward,0.007590854307636619
她把名单整理，并且加上编号。,left,0,left,左向(因果),0.994769275188446,0.994769275188446,0.0037233366165310144,0.001507305190898478,forward,0.0052306418074294925
