text,direction,true_label_idx,true_label_cn,pred_label,pred_label_cn,pred_idx,confidence,prob_left,prob_right,prob_bidirectional,correct,result
由于交通堵塞，我今天上班迟到了,left,0,左向(因果),left,左向(因果),0,0.9993820190429688,0.9993820190429688,0.0006045376067049801,1.345385408058064e-05,True,✓ 正确
根据用户反馈，我们优化了产品界面,left,0,左向(因果),left,左向(因果),0,0.9992905855178833,0.9992905855178833,0.0007001002668403089,9.33607134356862e-06,True,✓ 正确
首先清理数据，然后训练模型，最后评估结果,left,0,左向(因果),left,左向(因果),0,0.9398958683013916,0.9398958683013916,0.059462107717990875,0.0006419802666641772,True,✓ 正确
他先是感到惊讶，接着露出了微笑,left,0,左向(因果),left,左向(因果),0,0.9994851350784302,0.9994851350784302,0.0005064372671768069,8.51221466291463e-06,True,✓ 正确
因为昨晚没睡好，所以今天精神不佳,left,0,左向(因果),left,左向(因果),0,0.9976806640625,0.9976806640625,0.002269430086016655,4.9848906201077625e-05,True,✓ 正确
会议结束后，大家接着讨论了具体实施方案,left,0,左向(因果),left,左向(因果),0,0.995952844619751,0.995952844619751,0.003955408465117216,9.178997424896806e-05,True,✓ 正确
按照说明书的步骤，我很快就组装好了,left,0,左向(因果),left,左向(因果),0,0.9533292055130005,0.9533292055130005,0.04624983295798302,0.00042092270450666547,True,✓ 正确
由于预算削减，这个项目被迫暂停了,left,0,左向(因果),left,左向(因果),0,0.999546468257904,0.999546468257904,0.0004437207826413214,9.763188245415222e-06,True,✓ 正确
他仔细阅读了合同，然后在上面签了字,left,0,左向(因果),left,左向(因果),0,0.9990772008895874,0.9990772008895874,0.0008888328447937965,3.3894189982675016e-05,True,✓ 正确
听完这个故事后，孩子们都进入了梦乡,left,0,左向(因果),left,左向(因果),0,0.9991148114204407,0.9991148114204407,0.0008699304889887571,1.5295143384719267e-05,True,✓ 正确
根据最新气象预报，明天将有大雨,left,0,左向(因果),left,左向(因果),0,0.9993137121200562,0.9993137121200562,0.0006787908496335149,7.494122655771207e-06,True,✓ 正确
他打开电脑，接着开始处理今天的邮件,left,0,左向(因果),left,左向(因果),0,0.9966609477996826,0.9966609477996826,0.0032661461737006903,7.292087684618309e-05,True,✓ 正确
为了身体健康，他决定每天坚持锻炼,left,0,左向(因果),left,左向(因果),0,0.9993501305580139,0.9993501305580139,0.0006399168050847948,9.909126674756408e-06,True,✓ 正确
收到指令后，机器人立刻开始执行任务,left,0,左向(因果),left,左向(因果),0,0.9960727691650391,0.9960727691650391,0.003637739922851324,0.0002894500794354826,True,✓ 正确
首先，我们需要明确目标用户群体,left,0,左向(因果),left,左向(因果),0,0.9483755826950073,0.9483755826950073,0.05106266960501671,0.0005617830320261419,True,✓ 正确
因为下雨，所以户外的活动取消了,left,0,左向(因果),left,左向(因果),0,0.9978093504905701,0.9978093504905701,0.0021436174865812063,4.709345375886187e-05,True,✓ 正确
他拿起画笔，然后开始在画布上创作,left,0,左向(因果),left,左向(因果),0,0.9981239438056946,0.9981239438056946,0.0018349214224144816,4.116099080420099e-05,True,✓ 正确
根据公司的规定，所有员工都需要打卡,left,0,左向(因果),left,左向(因果),0,0.9992654919624329,0.9992654919624329,0.0007248954498209059,9.628402949601877e-06,True,✓ 正确
他先去图书馆还书，接着又去超市购物,left,0,左向(因果),left,左向(因果),0,0.9993802309036255,0.9993802309036255,0.0006098889280110598,9.9061471701134e-06,True,✓ 正确
由于证据不足，法庭最终判他无罪,left,0,左向(因果),left,左向(因果),0,0.9993996620178223,0.9993996620178223,0.0005862931720912457,1.4116195416136179e-05,True,✓ 正确
这个算法首先对图像进行预处理，然后提取特征,left,0,左向(因果),right,右向(反因果),1,0.46620509028434753,0.3787999153137207,0.46620509028434753,0.15499503910541534,False,✗ 错误
因为他的努力，团队成功完成了目标,left,0,左向(因果),left,左向(因果),0,0.9981902241706848,0.9981902241706848,0.0017694085836410522,4.028885450679809e-05,True,✓ 正确
看完电影后，我们顺便去吃了夜宵,left,0,左向(因果),left,左向(因果),0,0.9992398023605347,0.9992398023605347,0.000749870203435421,1.034604701999342e-05,True,✓ 正确
根据历史记载，这座城市建于三百年前,left,0,左向(因果),left,左向(因果),0,0.999167799949646,0.999167799949646,0.000821203866507858,1.1126378012704663e-05,True,✓ 正确
他思考片刻，然后给出了一个完美的答案,left,0,左向(因果),left,左向(因果),0,0.9993690848350525,0.9993690848350525,0.0006182725774124265,1.2569147656904534e-05,True,✓ 正确
由于市场需求变化，公司调整了生产策略,left,0,左向(因果),left,左向(因果),0,0.9995341300964355,0.9995341300964355,0.00045681052142754197,9.082508768187836e-06,True,✓ 正确
我们首先要收集数据，这是分析的基础,left,0,左向(因果),left,左向(因果),0,0.9972681999206543,0.9972681999206543,0.0026094906497746706,0.00012228437117300928,True,✓ 正确
他穿上外套，接着就匆匆出门了,left,0,左向(因果),left,左向(因果),0,0.9737415313720703,0.9737415313720703,0.02324373461306095,0.0030146483331918716,True,✓ 正确
为了保护环境，我们应该减少使用塑料袋,left,0,左向(因果),left,左向(因果),0,0.9994837045669556,0.9994837045669556,0.0005081036943010986,8.253497071564198e-06,True,✓ 正确
根据能量守恒定律，能量不会凭空消失,left,0,左向(因果),left,左向(因果),0,0.9993282556533813,0.9993282556533813,0.0006643334636464715,7.34518789613503e-06,True,✓ 正确
毕业之后，他先是工作了两年，然后决定考研,left,0,左向(因果),left,左向(因果),0,0.9849848747253418,0.9849848747253418,0.014807547442615032,0.00020754773868247867,True,✓ 正确
因为意见不合，他们发生了激烈的争吵,left,0,左向(因果),left,左向(因果),0,0.998202919960022,0.998202919960022,0.0017547204624861479,4.234907464706339e-05,True,✓ 正确
他按下开关，随后机器开始运转起来,left,0,左向(因果),left,左向(因果),0,0.9885129928588867,0.9885129928588867,0.011094648391008377,0.00039242126513272524,True,✓ 正确
按照食谱的指示，她成功烤出了美味的蛋糕,left,0,左向(因果),left,左向(因果),0,0.9516680240631104,0.9516680240631104,0.04796499386429787,0.0003669648722279817,True,✓ 正确
由于设备老化，工厂的生产效率下降了,left,0,左向(因果),left,左向(因果),0,0.9995033740997314,0.9995033740997314,0.00048443226842209697,1.2180425073893275e-05,True,✓ 正确
他先环顾四周，然后小心翼翼地打开了门,left,0,左向(因果),left,左向(因果),0,0.999362051486969,0.999362051486969,0.0006274532643146813,1.0434536307002418e-05,True,✓ 正确
为了提升技能，他报名参加了在线课程,left,0,左向(因果),left,左向(因果),0,0.9993231296539307,0.9993231296539307,0.000669020286295563,7.87743010732811e-06,True,✓ 正确
根据达尔文的进化论，物种是不断演变的,left,0,左向(因果),left,左向(因果),0,0.9992377758026123,0.9992377758026123,0.0007533056195825338,8.924233952711802e-06,True,✓ 正确
他关掉闹钟，接着又赖了一会儿床,left,0,左向(因果),left,左向(因果),0,0.9995449185371399,0.9995449185371399,0.00044982138206250966,5.276187494018814e-06,True,✓ 正确
因为准备充分，所以这次考试他很有信心,left,0,左向(因果),left,左向(因果),0,0.9974345564842224,0.9974345564842224,0.00251155998557806,5.38907443115022e-05,True,✓ 正确
系统在接收到请求后，会立刻进行处理,left,0,左向(因果),right,右向(反因果),1,0.972920835018158,0.02524697594344616,0.972920835018158,0.001832146430388093,False,✗ 错误
首先要打好基础，然后才能追求更高层次的发展,left,0,左向(因果),left,左向(因果),0,0.9470161199569702,0.9470161199569702,0.052418921142816544,0.0005650484235957265,True,✓ 正确
为了赶上早班车，他天不亮就起床了,left,0,左向(因果),left,左向(因果),0,0.9993550181388855,0.9993550181388855,0.0006353382486850023,9.615391718398314e-06,True,✓ 正确
根据客户的要求，我们修改了设计方案,left,0,左向(因果),left,左向(因果),0,0.9993441700935364,0.9993441700935364,0.0006488031940534711,6.973961717449129e-06,True,✓ 正确
他喝了一口水，然后继续他的演讲,left,0,左向(因果),left,左向(因果),0,0.9984500408172607,0.9984500408172607,0.0015161950141191483,3.3724194508977234e-05,True,✓ 正确
由于全球变暖，极端天气事件越来越频繁,left,0,左向(因果),left,左向(因果),0,0.9994503855705261,0.9994503855705261,0.0005364592652767897,1.3130579645803664e-05,True,✓ 正确
他先是学习理论知识，接着进行大量实践,left,0,左向(因果),left,左向(因果),0,0.999458372592926,0.999458372592926,0.0005322796641848981,9.288460205425508e-06,True,✓ 正确
因为热爱，所以他选择了这个冷门的专业,left,0,左向(因果),left,左向(因果),0,0.9979786276817322,0.9979786276817322,0.0019756697583943605,4.5726748794550076e-05,True,✓ 正确
我们必须首先分析问题，然后才能找到解决方案,left,0,左向(因果),left,左向(因果),0,0.9965115189552307,0.9965115189552307,0.003261003876104951,0.0002275075821671635,True,✓ 正确
雨停了，接着太阳从云层里露出了笑脸,left,0,左向(因果),left,左向(因果),0,0.9984070658683777,0.9984070658683777,0.0015760089736431837,1.68952283274848e-05,True,✓ 正确
大家都以为比赛会输，没想到我们竟然赢了,right,1,右向(反因果),right,右向(反因果),1,0.9997829794883728,0.0001256266114069149,0.9997829794883728,9.143418719759211e-05,True,✓ 正确
他看起来很普通，原来是位深藏不露的武林高手,right,1,右向(反因果),right,右向(反因果),1,0.9980864524841309,0.0008336063474416733,0.9980864524841309,0.0010800240561366081,True,✓ 正确
我找了半天钥匙，才发现它就在我的口袋里,right,1,右向(反因果),left,左向(因果),0,0.8699758052825928,0.8699758052825928,0.12696871161460876,0.003055499866604805,False,✗ 错误
这个项目一度陷入僵局，后来证明最初的思路是错的,right,1,右向(反因果),right,右向(反因果),1,0.44184646010398865,0.33121171593666077,0.44184646010398865,0.22694182395935059,True,✓ 正确
那幅画看起来平平无奇，事实上是价值连城的名作,right,1,右向(反因果),right,右向(反因果),1,0.9999523162841797,3.120490873698145e-05,0.9999523162841797,1.6509009583387524e-05,True,✓ 正确
所有人都被他骗了，他才是那个真正的幕后黑手,right,1,右向(反因果),right,右向(反因果),1,0.9999053478240967,1.6137111742864363e-05,0.9999053478240967,7.853721763240173e-05,True,✓ 正确
那家公司突然宣布破产，原来是资金链断裂了,right,1,右向(反因果),right,右向(反因果),1,0.9999274015426636,3.475976700428873e-05,0.9999274015426636,3.782616477110423e-05,True,✓ 正确
我一直以为他是南方人，没想到他普通话说得这么好,right,1,右向(反因果),right,右向(反因果),1,0.5488481521606445,0.44686293601989746,0.5488481521606445,0.00428894953802228,True,✓ 正确
这个问题困扰了我很久，最后才发现是理解错了题意,right,1,右向(反因果),right,右向(反因果),1,0.47849953174591064,0.36031374335289,0.47849953174591064,0.16118676960468292,True,✓ 正确
这起案件扑朔迷离，后来证明凶手就是最不可能的人,right,1,右向(反因果),right,右向(反因果),1,0.9384154081344604,0.015291295014321804,0.9384154081344604,0.04629335179924965,True,✓ 正确
他表面上对你很好，事实上一直在背后说你坏话,right,1,右向(反因果),right,右向(反因果),1,0.9012318849563599,0.04040331766009331,0.9012318849563599,0.05836481228470802,True,✓ 正确
我以为今天会很轻松，没想到任务一个接一个,right,1,右向(反因果),right,右向(反因果),1,0.8873971700668335,0.11036194115877151,0.8873971700668335,0.0022408943623304367,True,✓ 正确
那个看似简单的魔术，原来背后有如此复杂的机关,right,1,右向(反因果),right,右向(反因果),1,0.9999477863311768,4.1257993871113285e-05,0.9999477863311768,1.1010880371031817e-05,True,✓ 正确
我找了很久的bug，才发现是少打了一个分号,right,1,右向(反因果),left,左向(因果),0,0.8583692908287048,0.8583692908287048,0.1377531737089157,0.003877522423863411,False,✗ 错误
大家起初都反对这个计划，后来证明它是非常成功的,right,1,右向(反因果),right,右向(反因果),1,0.9997518658638,0.00014699056919198483,0.9997518658638,0.00010109308641403913,True,✓ 正确
这座城市的宁静只是表象，事实上暗流涌动,right,1,右向(反因果),right,右向(反因果),1,0.8974668383598328,0.00792308896780014,0.8974668383598328,0.09461010247468948,True,✓ 正确
我以为再也见不到他了，没想到我们会在异国他乡重逢,right,1,右向(反因果),right,右向(反因果),1,0.9230729341506958,0.07442528754472733,0.9230729341506958,0.0025018295273184776,True,✓ 正确
那栋废弃的老宅，原来藏着一个惊人的秘密,right,1,右向(反因果),right,右向(反因果),1,0.9999568462371826,2.604451401566621e-05,0.9999568462371826,1.7089925677282736e-05,True,✓ 正确
我一直无法启动电脑，才发现是电源没插,right,1,右向(反因果),left,左向(因果),0,0.6633972525596619,0.6633972525596619,0.3335477113723755,0.0030550092924386263,False,✗ 错误
他对这个结果非常失望，后来证明是数据统计出了错,right,1,右向(反因果),left,左向(因果),0,0.9674739837646484,0.9674739837646484,0.028338508680462837,0.004187486600130796,False,✗ 错误
这个理论听起来很完美，事实上在实践中根本行不通,right,1,右向(反因果),right,右向(反因果),1,0.5125548243522644,0.1895800530910492,0.5125548243522644,0.2978651225566864,True,✓ 正确
我以为他是个沉默寡言的人，没想到喝了酒之后这么能说,right,1,右向(反因果),right,右向(反因果),1,0.8749713897705078,0.12282893806695938,0.8749713897705078,0.0021996304858475924,True,✓ 正确
那首优美的旋律，原来出自一位名不见经传的作曲家,right,1,右向(反因果),right,右向(反因果),1,0.9996987581253052,0.00028168645803816617,0.9996987581253052,1.9614641132648103e-05,True,✓ 正确
我反复计算了好几遍，才发现自己用错了公式,right,1,右向(反因果),right,右向(反因果),1,0.5011184215545654,0.496069997549057,0.5011184215545654,0.0028116388712078333,True,✓ 正确
他的辞职让所有人感到意外，后来证明他是为了追求梦想,right,1,右向(反因果),right,右向(反因果),1,0.979836106300354,0.018584243953227997,0.979836106300354,0.0015796583611518145,True,✓ 正确
这支球队一直不被看好，事实上他们拥有强大的实力,right,1,右向(反因果),bidirectional,双向,2,0.9838687777519226,0.0009242286905646324,0.015206955373287201,0.9838687777519226,False,✗ 错误
我以为这只是一场普通的感冒，没想到会这么严重,right,1,右向(反因果),right,右向(反因果),1,0.8859339356422424,0.11152741312980652,0.8859339356422424,0.0025386677589267492,True,✓ 正确
那片贫瘠的土地，原来地下蕴藏着丰富的矿产,right,1,右向(反因果),right,右向(反因果),1,0.9998805522918701,0.00010546208795858547,0.9998805522918701,1.4010890481586102e-05,True,✓ 正确
我找遍了整个房间，才发现手机一直在我手里,right,1,右向(反因果),left,左向(因果),0,0.9796008467674255,0.9796008467674255,0.019524801522493362,0.0008743301732465625,False,✗ 错误
大家都在指责他，后来证明真正的错不在他,right,1,右向(反因果),right,右向(反因果),1,0.9997468590736389,0.00015963386977091432,0.9997468590736389,9.356117516290396e-05,True,✓ 正确
这个解释听起来合情合理，事实上完全经不起推敲,right,1,右向(反因果),right,右向(反因果),1,0.6108320355415344,0.21184967458248138,0.6108320355415344,0.17731831967830658,True,✓ 正确
我以为今天的会议会很长，没想到半小时就结束了,right,1,右向(反因果),right,右向(反因果),1,0.8935277462005615,0.10430223494768143,0.8935277462005615,0.002169994870200753,True,✓ 正确
那座山看起来不高，原来爬起来这么费劲,right,1,右向(反因果),right,右向(反因果),1,0.999963641166687,1.6334948668372817e-05,0.999963641166687,2.0059593225596473e-05,True,✓ 正确
我一直想不通他为什么生气，才发现是我无意中说错了话,right,1,右向(反因果),left,左向(因果),0,0.584496259689331,0.584496259689331,0.4112430214881897,0.004260705318301916,False,✗ 错误
这场战争的起因众说纷纭，后来证明只是一场误会,right,1,右向(反因果),right,右向(反因果),1,0.8727250695228577,0.0730551928281784,0.8727250695228577,0.054219767451286316,True,✓ 正确
他总是说自己很忙，事实上大部分时间都在偷懒,right,1,右向(反因果),right,右向(反因果),1,0.9752752780914307,0.0033534152898937464,0.9752752780914307,0.021371254697442055,True,✓ 正确
我以为我已经忘记他了，没想到再次相见心还是会痛,right,1,右向(反因果),right,右向(反因果),1,0.8713678121566772,0.1265805959701538,0.8713678121566772,0.0020515795331448317,True,✓ 正确
那个神秘的符号，原来是古代一种失传的文字,right,1,右向(反因果),right,右向(反因果),1,0.9999537467956543,3.518013181746937e-05,0.9999537467956543,1.1011366041202564e-05,True,✓ 正确
我调试了很久的程序，才发现是网络连接问题,right,1,右向(反因果),left,左向(因果),0,0.9465592503547668,0.9465592503547668,0.05221392586827278,0.0012268108548596501,False,✗ 错误
他起初的沉默被误解为默认，后来证明他只是在思考,right,1,右向(反因果),right,右向(反因果),1,0.9931704998016357,0.005339371971786022,0.9931704998016357,0.001490080263465643,True,✓ 正确
这件衣服看起来很便宜，事实上是昂贵的设计师品牌,right,1,右向(反因果),right,右向(反因果),1,0.812012791633606,0.010697389952838421,0.812012791633606,0.17728976905345917,True,✓ 正确
我以为自己准备得很充分，没想到面试官问的问题都超纲了,right,1,右向(反因果),right,右向(反因果),1,0.9006854891777039,0.097255177795887,0.9006854891777039,0.002059343969449401,True,✓ 正确
那家餐厅门可罗雀，原来是在进行内部装修,right,1,右向(反因果),right,右向(反因果),1,0.9999399185180664,3.427067713346332e-05,0.9999399185180664,2.5847804863587953e-05,True,✓ 正确
我一直找不到错误的原因，才发现是忽略了一个基本假设,right,1,右向(反因果),left,左向(因果),0,0.5125854015350342,0.5125854015350342,0.48270750045776367,0.004707099869847298,False,✗ 错误
大家都以为他会接受这份工作，后来证明他有更好的选择,right,1,右向(反因果),right,右向(反因果),1,0.9997816681861877,0.0001262942241737619,0.9997816681861877,9.205906098941341e-05,True,✓ 正确
他声称自己是专家，事实上对此领域一窍不通,right,1,右向(反因果),right,右向(反因果),1,0.9883288145065308,0.0010540634393692017,0.9883288145065308,0.010617137886583805,True,✓ 正确
我以为这只是个玩笑，没想到他真的这么做了,right,1,右向(反因果),right,右向(反因果),1,0.8822548389434814,0.11520025879144669,0.8822548389434814,0.002544844290241599,True,✓ 正确
那个失踪多年的宝藏，原来就藏在城市的下水道里,right,1,右向(反因果),right,右向(反因果),1,0.9999529123306274,3.5459466744214296e-05,0.9999529123306274,1.1644393453025259e-05,True,✓ 正确
我怎么也打不开这个文件，才发现是文件格式不兼容,right,1,右向(反因果),right,右向(反因果),1,0.49135464429855347,0.4890725314617157,0.49135464429855347,0.019572781398892403,True,✓ 正确
虽然天气很冷，但是大家的心里都暖洋洋的,bidirectional,2,双向,bidirectional,双向,2,0.9995835423469543,6.512357504107058e-05,0.0003513153933454305,0.9995835423469543,True,✓ 正确
他不仅学习成绩好，而且还乐于助人,bidirectional,2,双向,bidirectional,双向,2,0.9981837868690491,0.00010204126738244668,0.0017141100252047181,0.9981837868690491,True,✓ 正确
这个设计既美观又实用，得到了客户的一致好评,bidirectional,2,双向,right,右向(反因果),1,0.40929561853408813,0.19779588282108307,0.40929561853408813,0.3929084837436676,False,✗ 错误
一方面要保证速度，另一方面也要确保质量,bidirectional,2,双向,bidirectional,双向,2,0.9994038343429565,6.79164586472325e-05,0.0005282375495880842,0.9994038343429565,True,✓ 正确
尽管遇到了很多困难，但是我们从未想过放弃,bidirectional,2,双向,bidirectional,双向,2,0.9995014667510986,8.029954915400594e-05,0.00041816485463641584,0.9995014667510986,True,✓ 正确
他不仅是我的老师，更是我的朋友,bidirectional,2,双向,bidirectional,双向,2,0.9982213377952576,9.864326420938596e-05,0.0016799791483208537,0.9982213377952576,True,✓ 正确
这座城市既有古典的韵味，又有现代的繁华,bidirectional,2,双向,right,右向(反因果),1,0.876234769821167,0.008136307820677757,0.876234769821167,0.11562890559434891,False,✗ 错误
一方面，我们要鼓励创新；另一方面，也要防范风险,bidirectional,2,双向,bidirectional,双向,2,0.999390721321106,7.528530841227621e-05,0.0005339759518392384,0.999390721321106,True,✓ 正确
虽然这只是一个小小的进步，但却意义重大,bidirectional,2,双向,bidirectional,双向,2,0.9995972514152527,5.6818287703208625e-05,0.0003458929422777146,0.9995972514152527,True,✓ 正确
她不仅会说英语，还会说法语和德语,bidirectional,2,双向,bidirectional,双向,2,0.9988082647323608,8.728566172067076e-05,0.0011045034043490887,0.9988082647323608,True,✓ 正确
这道菜既保留了传统风味，又融入了新的创意,bidirectional,2,双向,bidirectional,双向,2,0.9715620875358582,0.0014600591966882348,0.026977883651852608,0.9715620875358582,True,✓ 正确
一方面要发展经济，另一方面也要保护环境，二者缺一不可,bidirectional,2,双向,bidirectional,双向,2,0.999401330947876,7.012192509137094e-05,0.0005285314982756972,0.999401330947876,True,✓ 正确
尽管过程很曲折，但是结局是美好的,bidirectional,2,双向,bidirectional,双向,2,0.9994634985923767,7.633573841303587e-05,0.00046019579167477787,0.9994634985923767,True,✓ 正确
这部电影不仅票房很高，而且口碑也非常好,bidirectional,2,双向,bidirectional,双向,2,0.902224600315094,0.015993965789675713,0.08178140968084335,0.902224600315094,True,✓ 正确
他既是公司的领导，也是团队的核心技术骨干,bidirectional,2,双向,bidirectional,双向,2,0.9971311092376709,0.00020803906954824924,0.0026608805637806654,0.9971311092376709,True,✓ 正确
一方面要肯定成绩，另一方面也要正视问题,bidirectional,2,双向,bidirectional,双向,2,0.9993971586227417,6.871900404803455e-05,0.000534126884303987,0.9993971586227417,True,✓ 正确
虽然外面下着大雨，但是屋子里很温暖,bidirectional,2,双向,bidirectional,双向,2,0.999600350856781,6.663855310762301e-05,0.000333089818013832,0.999600350856781,True,✓ 正确
他不仅在学术上有所建树，还在艺术上颇有造诣,bidirectional,2,双向,bidirectional,双向,2,0.9981940388679504,0.00010109682625625283,0.0017048381268978119,0.9981940388679504,True,✓ 正确
这次旅行既放松了心情，又增长了见识,bidirectional,2,双向,bidirectional,双向,2,0.9859617352485657,0.0013506999239325523,0.012687562964856625,0.9859617352485657,True,✓ 正确
对于这个问题，我们一方面要分析原因，另一方面要寻找对策,bidirectional,2,双向,bidirectional,双向,2,0.8374587893486023,0.026727255433797836,0.13581395149230957,0.8374587893486023,True,✓ 正确
尽管他年纪不大，但是显得非常成熟稳重,bidirectional,2,双向,bidirectional,双向,2,0.999481737613678,7.084757089614868e-05,0.000447376660304144,0.999481737613678,True,✓ 正确
这支队伍不仅拥有明星球员，而且团队配合非常默契,bidirectional,2,双向,bidirectional,双向,2,0.9850854277610779,0.0007356859277933836,0.014178905636072159,0.9850854277610779,True,✓ 正确
这套系统既要保证安全性，又要兼顾易用性,bidirectional,2,双向,bidirectional,双向,2,0.9326283931732178,0.004692524671554565,0.06267910450696945,0.9326283931732178,True,✓ 正确
一方面，我们需要引进先进技术；另一方面，也要坚持自主研发,bidirectional,2,双向,bidirectional,双向,2,0.9993909597396851,7.531404844485223e-05,0.0005337906186468899,0.9993909597396851,True,✓ 正确
虽然任务很艰巨，但是我们有信心完成它,bidirectional,2,双向,bidirectional,双向,2,0.9995937943458557,5.8286321291234344e-05,0.00034798297565430403,0.9995937943458557,True,✓ 正确
他不仅完成了自己的工作，还主动帮助同事,bidirectional,2,双向,bidirectional,双向,2,0.9981909394264221,0.0001015113593894057,0.0017075747018679976,0.9981909394264221,True,✓ 正确
这个方案既考虑了短期利益，也兼顾了长期发展,bidirectional,2,双向,bidirectional,双向,2,0.43267375230789185,0.170143723487854,0.39718255400657654,0.43267375230789185,True,✓ 正确
一方面要加强理论学习，另一方面要注重实践操作,bidirectional,2,双向,bidirectional,双向,2,0.9994029998779297,6.775945075787604e-05,0.000529169337823987,0.9994029998779297,True,✓ 正确
尽管比赛输了，但是队员们都尽了最大的努力,bidirectional,2,双向,bidirectional,双向,2,0.9994561076164246,8.151148358592764e-05,0.00046245151315815747,0.9994561076164246,True,✓ 正确
他不仅擅长理科，而且文科成绩也很优秀,bidirectional,2,双向,bidirectional,双向,2,0.9982104301452637,9.984340431401506e-05,0.001689709140919149,0.9982104301452637,True,✓ 正确
这种材料既轻便又坚固，应用前景广阔,bidirectional,2,双向,bidirectional,双向,2,0.9739026427268982,0.0011972821084782481,0.02490002103149891,0.9739026427268982,True,✓ 正确
一方面要满足市场需求，另一方面要引导消费观念,bidirectional,2,双向,bidirectional,双向,2,0.9994010925292969,6.890841177664697e-05,0.000530041113961488,0.9994010925292969,True,✓ 正确
虽然他很少说话，但是他的内心世界很丰富,bidirectional,2,双向,bidirectional,双向,2,0.9996024966239929,5.228705776971765e-05,0.000345171254593879,0.9996024966239929,True,✓ 正确
这门课程不仅知识点多，而且难度也比较大,bidirectional,2,双向,bidirectional,双向,2,0.710695207118988,0.03272577002644539,0.2565790116786957,0.710695207118988,True,✓ 正确
这既是一次挑战，也是一次难得的机遇,bidirectional,2,双向,bidirectional,双向,2,0.9890413880348206,0.0005655973800458014,0.010393042117357254,0.9890413880348206,True,✓ 正确
一方面要继承传统文化，另一方面也要与时俱进,bidirectional,2,双向,bidirectional,双向,2,0.9993958473205566,7.012167043285444e-05,0.0005340207717381418,0.9993958473205566,True,✓ 正确
尽管前路充满未知，但他依然选择勇敢前行,bidirectional,2,双向,bidirectional,双向,2,0.9994528889656067,8.139097189996392e-05,0.0004657249082811177,0.9994528889656067,True,✓ 正确
他不仅跑得快，而且耐力也非常好,bidirectional,2,双向,bidirectional,双向,2,0.9981985688209534,0.00010092418233398348,0.001700567896477878,0.9981985688209534,True,✓ 正确
这个机器人既能唱歌，也能跳舞,bidirectional,2,双向,right,右向(反因果),1,0.4186347424983978,0.1813981831073761,0.4186347424983978,0.3999670147895813,False,✗ 错误
在教育孩子时，一方面要严格要求，另一方面要多加鼓励,bidirectional,2,双向,left,左向(因果),0,0.9978505373001099,0.9978505373001099,0.0020085566211491823,0.00014096633822191507,False,✗ 错误
虽然我们相隔千里，但是心与心之间没有距离,bidirectional,2,双向,bidirectional,双向,2,0.9995700716972351,7.009298133198172e-05,0.00035983952693641186,0.9995700716972351,True,✓ 正确
这家餐厅不仅环境好，而且菜品味道也很棒,bidirectional,2,双向,bidirectional,双向,2,0.9479228258132935,0.0042506735771894455,0.047826558351516724,0.9479228258132935,True,✓ 正确
这既是对我们的考验，也是对我们的锻炼,bidirectional,2,双向,bidirectional,双向,2,0.9885115623474121,0.0006045211339369416,0.010883882641792297,0.9885115623474121,True,✓ 正确
一方面要埋头苦干，另一方面也要抬头看路,bidirectional,2,双向,bidirectional,双向,2,0.99940025806427,6.866954936413094e-05,0.0005311303539201617,0.99940025806427,True,✓ 正确
尽管他失败了很多次，但是他从未放弃过希望,bidirectional,2,双向,bidirectional,双向,2,0.9994671940803528,7.207986345747486e-05,0.00046069343807175756,0.9994671940803528,True,✓ 正确
他不仅是位优秀的科学家，还是一位杰出的教育家,bidirectional,2,双向,bidirectional,双向,2,0.9982130527496338,9.909010987030342e-05,0.001687819603830576,0.9982130527496338,True,✓ 正确
这次活动既丰富了大家的业余生活，又增进了同事间的友谊,bidirectional,2,双向,bidirectional,双向,2,0.9861807227134705,0.0012932661920785904,0.012525971978902817,0.9861807227134705,True,✓ 正确
一方面要抓住机遇，另一方面也要准备好迎接挑战,bidirectional,2,双向,bidirectional,双向,2,0.999397873878479,6.898596620885655e-05,0.0005331732681952417,0.999397873878479,True,✓ 正确
我根据菜谱的步骤，成功做出了一道美味的菜肴,left,0,左向(因果),left,左向(因果),0,0.9981367588043213,0.9981367588043213,0.0018367500742897391,2.645520362420939e-05,True,✓ 正确
他因为生病，所以缺席了昨天的会议,left,0,左向(因果),left,左向(因果),0,0.9976943135261536,0.9976943135261536,0.0022423299960792065,6.333703640848398e-05,True,✓ 正确
首先确定主题，然后搜集资料，最后撰写报告,left,0,左向(因果),left,左向(因果),0,0.9428223371505737,0.9428223371505737,0.056558478623628616,0.0006192181026563048,True,✓ 正确
看到这个消息后，他立刻通知了所有相关人员,left,0,左向(因果),left,左向(因果),0,0.9967865943908691,0.9967865943908691,0.003175831399857998,3.753688724827953e-05,True,✓ 正确
由于准备不足，这次的演讲效果并不理想,left,0,左向(因果),left,左向(因果),0,0.9993721842765808,0.9993721842765808,0.0006138560711406171,1.3928939551988151e-05,True,✓ 正确
他先是环顾四周，确认安全后才进入房间,left,0,左向(因果),left,左向(因果),0,0.9994667172431946,0.9994667172431946,0.0005242634215392172,9.04365151654929e-06,True,✓ 正确
按照计划，我们下周将发布新版本,left,0,左向(因果),left,左向(因果),0,0.926582396030426,0.926582396030426,0.0727616548538208,0.0006558889290317893,True,✓ 正确
因为一个意外的电话，他不得不提前离开,left,0,左向(因果),left,左向(因果),0,0.9980758428573608,0.9980758428573608,0.0018774494528770447,4.669876943808049e-05,True,✓ 正确
他拿起吉他，接着弹奏起一首动人的旋律,left,0,左向(因果),left,左向(因果),0,0.9984756112098694,0.9984756112098694,0.0014935649232938886,3.08865201077424e-05,True,✓ 正确
根据能量转换定律，电能可以转化为光能和热能,left,0,左向(因果),left,左向(因果),0,0.9993184804916382,0.9993184804916382,0.0006740469834767282,7.49507307773456e-06,True,✓ 正确
为了提高效率，公司引进了一套新的管理系统,left,0,左向(因果),left,左向(因果),0,0.9993641972541809,0.9993641972541809,0.0006283767870627344,7.429388006130466e-06,True,✓ 正确
他首先分析了失败的原因，然后制定了改进计划,left,0,左向(因果),left,左向(因果),0,0.9968129992485046,0.9968129992485046,0.0030963898170739412,9.066498751053587e-05,True,✓ 正确
由于文化差异，他们之间产生了一些误会,left,0,左向(因果),left,左向(因果),0,0.9995123147964478,0.9995123147964478,0.00047674329834990203,1.096976575354347e-05,True,✓ 正确
吃完晚饭后，我们一家人去公园散步,left,0,左向(因果),left,左向(因果),0,0.999525785446167,0.999525785446167,0.00044256437104195356,3.169984120177105e-05,True,✓ 正确
根据最新的考古发现，这段历史可能需要重写,left,0,左向(因果),left,左向(因果),0,0.9993170499801636,0.9993170499801636,0.0006756018847227097,7.352478405664442e-06,True,✓ 正确
他先是感到困惑，接着恍然大悟,left,0,左向(因果),left,左向(因果),0,0.9994845390319824,0.9994845390319824,0.0005069352337159216,8.513241482432932e-06,True,✓ 正确
为了赢得比赛，运动员们每天都在刻苦训练,left,0,左向(因果),left,左向(因果),0,0.9994654059410095,0.9994654059410095,0.000527085445355624,7.491386440960923e-06,True,✓ 正确
他打开邮件，然后开始回复客户的咨询,left,0,左向(因果),left,左向(因果),0,0.9974998831748962,0.9974998831748962,0.002452451502904296,4.7632798668928444e-05,True,✓ 正确
因为道路结冰，所以车辆行驶非常缓慢,left,0,左向(因果),left,左向(因果),0,0.9981212019920349,0.9981212019920349,0.001835410948842764,4.331584204919636e-05,True,✓ 正确
我们首先要理解问题，然后才能解决问题,left,0,左向(因果),left,左向(因果),0,0.9972643852233887,0.9972643852233887,0.002612997079268098,0.00012253418390173465,True,✓ 正确
他放下手中的书，接着开始思考人生的意义,left,0,左向(因果),left,左向(因果),0,0.9980453252792358,0.9980453252792358,0.0018986165523529053,5.5995409638853744e-05,True,✓ 正确
根据用户协议，您不能泄露您的账户密码,left,0,左向(因果),left,左向(因果),0,0.9992627501487732,0.9992627501487732,0.0007273753872141242,9.913950634654611e-06,True,✓ 正确
为了不错过日出，我们凌晨四点就出发了,left,0,左向(因果),left,左向(因果),0,0.9993675351142883,0.9993675351142883,0.0006148969987407327,1.7652773749432527e-05,True,✓ 正确
他先是犹豫了一下，但最后还是说出了真相,left,0,左向(因果),left,左向(因果),0,0.9994916915893555,0.9994916915893555,0.0004998290096409619,8.450821951555554e-06,True,✓ 正确
由于不可抗力，本次活动将被延期举行,left,0,左向(因果),left,左向(因果),0,0.9994763731956482,0.9994763731956482,0.0005050072213634849,1.8527740394347347e-05,True,✓ 正确
他戴上耳机，然后沉浸在音乐的世界里,left,0,左向(因果),left,左向(因果),0,0.9973783493041992,0.9973783493041992,0.002584729576483369,3.702924004755914e-05,True,✓ 正确
按照传统习俗，春节要吃饺子和贴春联,left,0,左向(因果),left,左向(因果),0,0.947273313999176,0.947273313999176,0.05227858945727348,0.00044810885447077453,True,✓ 正确
因为他的出色表现，他被提升为部门主管,left,0,左向(因果),left,左向(因果),0,0.9982209801673889,0.9982209801673889,0.0017394769238308072,3.9506143366452307e-05,True,✓ 正确
系统更新后，将增加几个实用的新功能,left,0,左向(因果),right,右向(反因果),1,0.9708755016326904,0.026903962716460228,0.9708755016326904,0.002220519119873643,False,✗ 错误
为了实现梦想，他付出了比别人更多的努力,left,0,左向(因果),left,左向(因果),0,0.9993552565574646,0.9993552565574646,0.0006366385496221483,8.150740541168489e-06,True,✓ 正确
他首先检查了设备，确保一切正常后才开始实验,left,0,左向(因果),left,左向(因果),0,0.9966976642608643,0.9966976642608643,0.003206650260835886,9.57093361648731e-05,True,✓ 正确
由于长期缺乏锻炼，他的身体状况大不如前,left,0,左向(因果),left,左向(因果),0,0.9992990493774414,0.9992990493774414,0.0006805031443946064,2.047197449428495e-05,True,✓ 正确
他关上电脑，接着伸了一个懒腰,left,0,左向(因果),left,左向(因果),0,0.9993506073951721,0.9993506073951721,0.0006425960455089808,6.806174042139901e-06,True,✓ 正确
根据合同条款，违约方需要支付赔偿金,left,0,左向(因果),left,左向(因果),0,0.9991976618766785,0.9991976618766785,0.0007926084799692035,9.746721843839623e-06,True,✓ 正确
为了减轻父母的负担，他利用课余时间去做兼职,left,0,左向(因果),left,左向(因果),0,0.9994969367980957,0.9994969367980957,0.0004951198352500796,7.943716809677426e-06,True,✓ 正确
他先是在国内发展，后来把事业扩展到了海外,left,0,左向(因果),left,左向(因果),0,0.9994797110557556,0.9994797110557556,0.0005115602980367839,8.708620043762494e-06,True,✓ 正确
因为一个善意的谎言，他承受了巨大的压力,left,0,左向(因果),left,左向(因果),0,0.9980552196502686,0.9980552196502686,0.0018973328405991197,4.7512097808066756e-05,True,✓ 正确
大家集合完毕后，队长开始布置今天的任务,left,0,左向(因果),right,右向(反因果),1,0.9991382360458374,0.0007380484603345394,0.9991382360458374,0.00012369400064926594,False,✗ 错误
按照老师的要求，我们完成了这篇作文,left,0,左向(因果),left,左向(因果),0,0.9614049196243286,0.9614049196243286,0.038269709795713425,0.000325350760249421,True,✓ 正确
由于需求量大增，导致这种商品供不应求,left,0,左向(因果),left,左向(因果),0,0.9993335604667664,0.9993335604667664,0.0006512962281703949,1.5087074643815868e-05,True,✓ 正确
他首先表达了感谢，然后阐述了自己的观点,left,0,左向(因果),left,左向(因果),0,0.9967405200004578,0.9967405200004578,0.0031656641513109207,9.383300493936986e-05,True,✓ 正确
为了节约用水，请大家随手关闭水龙头,left,0,左向(因果),left,左向(因果),0,0.9992374181747437,0.9992374181747437,0.000748279329854995,1.4245724742067978e-05,True,✓ 正确
他读完这本书，接着又借了一本新的,left,0,左向(因果),left,左向(因果),0,0.9873495697975159,0.9873495697975159,0.011263337917625904,0.0013871236005797982,True,✓ 正确
根据相关法律法规，此处禁止吸烟,left,0,左向(因果),left,左向(因果),0,0.9993571639060974,0.9993571639060974,0.0006361809209920466,6.649884653597837e-06,True,✓ 正确
因为有了你的帮助，我才能顺利完成这个项目,left,0,左向(因果),left,左向(因果),0,0.9976213574409485,0.9976213574409485,0.0023216072004288435,5.712936763302423e-05,True,✓ 正确
他先是愣住了，然后不由自主地鼓起掌来,left,0,左向(因果),left,左向(因果),0,0.999453604221344,0.999453604221344,0.0005372238229028881,9.187936484522652e-06,True,✓ 正确
为了避免误会，我们最好当面沟通清楚,left,0,左向(因果),left,左向(因果),0,0.999459445476532,0.999459445476532,0.0005328924744389951,7.576966254418949e-06,True,✓ 正确
他打开地图，然后开始规划旅行路线,left,0,左向(因果),left,左向(因果),0,0.9976796507835388,0.9976796507835388,0.0022777633275836706,4.2599862354109064e-05,True,✓ 正确
由于演员档期问题，电影的拍摄被推迟了,left,0,左向(因果),left,左向(因果),0,0.9994462132453918,0.9994462132453918,0.0005409626173786819,1.2812774002668448e-05,True,✓ 正确
我们首先要建立信任，这是合作的基础,left,0,左向(因果),left,左向(因果),0,0.9972748160362244,0.9972748160362244,0.0026034864131361246,0.00012175895244581625,True,✓ 正确
为了保持竞争力，企业必须不断创新,left,0,左向(因果),left,左向(因果),0,0.9994648098945618,0.9994648098945618,0.0005273290444165468,7.90945159678813e-06,True,✓ 正确
大家一度以为这个项目会失败，没想到最后取得了巨大成功,right,1,右向(反因果),right,右向(反因果),1,0.9997422099113464,0.00015761078975629061,0.9997422099113464,0.00010012716666096821,True,✓ 正确
他平时沉默寡言，原来是个隐藏的辩论高手,right,1,右向(反因果),right,右向(反因果),1,0.7372037768363953,0.10449349880218506,0.7372037768363953,0.15830273926258087,True,✓ 正确
我找了好久的眼镜，才发现一直架在我的头顶上,right,1,右向(反因果),left,左向(因果),0,0.920488715171814,0.920488715171814,0.07807834446430206,0.0014329836703836918,False,✗ 错误
这个结论起初被认为是荒谬的，后来证明是完全正确的,right,1,右向(反因果),right,右向(反因果),1,0.5741117596626282,0.1862364262342453,0.5741117596626282,0.23965178430080414,True,✓ 正确
他看起来那么年轻，事实上已经有两个孩子了,right,1,右向(反因果),right,右向(反因果),1,0.9982712268829346,0.0008096363744698465,0.9982712268829346,0.0009191783028654754,True,✓ 正确
所有人都以为是他做的，真相大白后才发现冤枉了他,right,1,右向(反因果),right,右向(反因果),1,0.9999045133590698,1.6018300811992958e-05,0.9999045133590698,7.950871076900512e-05,True,✓ 正确
那家餐厅突然关门了，原来是老板决定退休去环游世界,right,1,右向(反因果),right,右向(反因果),1,0.999940037727356,3.311829277663492e-05,0.999940037727356,2.6888108550338075e-05,True,✓ 正确
我一直以为他很讨厌我，没想到他一直在默默地帮助我,right,1,右向(反因果),right,右向(反因果),1,0.5503303408622742,0.4453638195991516,0.5503303408622742,0.004305832553654909,True,✓ 正确
这个谜题困扰了专家们数十年，最后才发现线索就在谜题本身,right,1,右向(反因果),right,右向(反因果),1,0.6213411688804626,0.28284499049186707,0.6213411688804626,0.09581383317708969,True,✓ 正确
那场看似偶然的邂逅，后来证明是精心策划的安排,right,1,右向(反因果),right,右向(反因果),1,0.9999604225158691,2.7059826607001014e-05,0.9999604225158691,1.2497865100158378e-05,True,✓ 正确
他总是表现得无所谓，事实上他比任何人都更在乎,right,1,右向(反因果),right,右向(反因果),1,0.9843140840530396,0.004445377737283707,0.9843140840530396,0.011240570805966854,True,✓ 正确
我以为这次升职非我莫属，没想到结果出人意料,right,1,右向(反因果),right,右向(反因果),1,0.8777296543121338,0.11953189224004745,0.8777296543121338,0.002738506067544222,True,✓ 正确
那个看似友善的邻居，原来一直在监视着他们的一举一动,right,1,右向(反因果),right,右向(反因果),1,0.9999475479125977,4.124677070649341e-05,0.9999475479125977,1.1187537893420085e-05,True,✓ 正确
我花了很长时间写的代码，才发现有一个致命的逻辑漏洞,right,1,右向(反因果),left,左向(因果),0,0.8438261151313782,0.8438261151313782,0.1512202024459839,0.0049536339938640594,False,✗ 错误
他们最初的合作充满了矛盾，后来证明他们是最佳搭档,right,1,右向(反因果),bidirectional,双向,2,0.6460856199264526,0.01939164660871029,0.33452272415161133,0.6460856199264526,False,✗ 错误
这片沙漠看起来毫无生机，事实上夜晚会变得非常热闹,right,1,右向(反因果),right,右向(反因果),1,0.7069043517112732,0.26398590207099915,0.7069043517112732,0.02910974994301796,True,✓ 正确
我以为自己已经足够了解他，没想到他还有那么多我不知道的秘密,right,1,右向(反因果),right,右向(反因果),1,0.9042437672615051,0.09369708597660065,0.9042437672615051,0.002059111138805747,True,✓ 正确
那座被遗忘的古堡，原来是通往另一个世界的入口,right,1,右向(反因果),right,右向(反因果),1,0.9999648332595825,1.4815286704106256e-05,0.9999648332595825,2.0297795344959013e-05,True,✓ 正确
我一直抱怨网速慢，才发现是路由器出了问题,right,1,右向(反因果),right,右向(反因果),1,0.5523789525032043,0.4429848790168762,0.5523789525032043,0.00463617779314518,True,✓ 正确
大家都在嘲笑他的想法，后来证明他的远见卓识,right,1,右向(反因果),right,右向(反因果),1,0.9997561573982239,0.00014893963816575706,0.9997561573982239,9.486538328928873e-05,True,✓ 正确
他总说自己不擅长理财，事实上他是一位低调的投资高手,right,1,右向(反因果),right,右向(反因果),1,0.9710203409194946,0.0017496434738859534,0.9710203409194946,0.027230003848671913,True,✓ 正确
我以为今天会是个晴天，没想到下午突然下起了暴雨,right,1,右向(反因果),right,右向(反因果),1,0.8867695927619934,0.11101355403661728,0.8867695927619934,0.002216863678768277,True,✓ 正确
那个破旧的阁楼，原来存放着祖父年轻时的珍贵收藏,right,1,右向(反因果),right,右向(反因果),1,0.9999563694000244,3.247609129175544e-05,0.9999563694000244,1.1096742127847392e-05,True,✓ 正确
我反复检查了数据，才发现源文件本身就是错误的,right,1,右向(反因果),right,右向(反因果),1,0.5361863374710083,0.4607706069946289,0.5361863374710083,0.003043070435523987,True,✓ 正确
他们的婚姻起初不被看好，后来证明他们是天造地设的一对,right,1,右向(反因果),bidirectional,双向,2,0.5995218753814697,0.02205786481499672,0.37842026352882385,0.5995218753814697,False,✗ 错误
这个城市表面光鲜亮丽，事实上隐藏着许多社会问题,right,1,右向(反因果),left,左向(因果),0,0.47825947403907776,0.47825947403907776,0.4286459684371948,0.09309457242488861,False,✗ 错误
我以为这次旅行会很顺利，没想到途中遇到了各种麻烦,right,1,右向(反因果),right,右向(反因果),1,0.8756297826766968,0.12155577540397644,0.8756297826766968,0.0028144456446170807,True,✓ 正确
那本不起眼的旧书，原来记录着一个失落文明的历史,right,1,右向(反因果),right,右向(反因果),1,0.9999163150787354,3.280032615293749e-05,0.9999163150787354,5.086104283691384e-05,True,✓ 正确
我一直以为是电脑病毒，才发现是键盘的某个键卡住了,right,1,右向(反因果),right,右向(反因果),1,0.5545211434364319,0.4411396086215973,0.5545211434364319,0.004339277278631926,True,✓ 正确
他的理论在当时被视为异端，后来证明是划时代的发现,right,1,右向(反因果),right,右向(反因果),1,0.9896955490112305,0.008284950628876686,0.9896955490112305,0.0020194966346025467,True,✓ 正确
他总是表现得非常自信，事实上他的内心充满了不安,right,1,右向(反因果),right,右向(反因果),1,0.9846269488334656,0.004377567674964666,0.9846269488334656,0.010995438322424889,True,✓ 正确
我以为这只是一次普通的会面，没想到它改变了我的一生,right,1,右向(反因果),right,右向(反因果),1,0.8845715522766113,0.11285140365362167,0.8845715522766113,0.002577046398073435,True,✓ 正确
那片平静的湖面下，原来生活着一种从未被发现过的生物,right,1,右向(反因果),right,右向(反因果),1,0.9998726844787598,0.00011255858407821506,0.9998726844787598,1.474864075134974e-05,True,✓ 正确
我一直以为是我的错，才发现这从头到尾就是一场误会,right,1,右向(反因果),right,右向(反因果),1,0.5527264475822449,0.4429667592048645,0.5527264475822449,0.004306805785745382,True,✓ 正确
所有证据都指向了他，后来证明这一切都是巧妙的陷害,right,1,右向(反因果),right,右向(反因果),1,0.9999030828475952,2.017486622207798e-05,0.9999030828475952,7.671077764825895e-05,True,✓ 正确
他声称自己是为了艺术，事实上只是为了名利而已,right,1,右向(反因果),right,右向(反因果),1,0.9885700345039368,0.0010477903997525573,0.9885700345039368,0.010382131673395634,True,✓ 正确
我以为再也没有机会了，没想到幸运之神再次眷顾了我,right,1,右向(反因果),right,右向(反因果),1,0.9252764582633972,0.07225824147462845,0.9252764582633972,0.0024652949068695307,True,✓ 正确
那个流传已久的传说，原来是真实发生过的历史事件,right,1,右向(反因果),right,右向(反因果),1,0.9999444484710693,4.447707760846242e-05,0.9999444484710693,1.1047003681596834e-05,True,✓ 正确
我怎么也登录不了账号，才发现是输入法切换成了全角模式,right,1,右向(反因果),right,右向(反因果),1,0.5033503174781799,0.4767150282859802,0.5033503174781799,0.01993468590080738,True,✓ 正确
虽然过程充满艰辛，但是我们最终到达了目的地,bidirectional,2,双向,bidirectional,双向,2,0.9995483756065369,6.68677021167241e-05,0.00038470697472803295,0.9995483756065369,True,✓ 正确
他不仅篮球打得好，而且足球也踢得很棒,bidirectional,2,双向,bidirectional,双向,2,0.9981887936592102,9.919689910020679e-05,0.0017119105905294418,0.9981887936592102,True,✓ 正确
这个软件既功能强大，又操作简便,bidirectional,2,双向,bidirectional,双向,2,0.5505956411361694,0.08675463497638702,0.36264970898628235,0.5505956411361694,True,✓ 正确
一方面要立足国内市场，另一方面要积极开拓海外市场,bidirectional,2,双向,bidirectional,双向,2,0.9993981122970581,6.88159343553707e-05,0.0005330312997102737,0.9993981122970581,True,✓ 正确
尽管天气恶劣，但救援工作一刻也没有停止,bidirectional,2,双向,bidirectional,双向,2,0.9994521737098694,8.447994332527742e-05,0.000463362637674436,0.9994521737098694,True,✓ 正确
他不仅是我的同事，更是我生活中的良师益友,bidirectional,2,双向,bidirectional,双向,2,0.9982213377952576,9.85944498097524e-05,0.0016799655277282,0.9982213377952576,True,✓ 正确
这里既有壮丽的自然风光，也有深厚的人文底蕴,bidirectional,2,双向,bidirectional,双向,2,0.9176596999168396,0.010927877388894558,0.07141240686178207,0.9176596999168396,True,✓ 正确
一方面，要鼓励自由探索；另一方面，也要明确基本规范,bidirectional,2,双向,bidirectional,双向,2,0.9993947744369507,7.492947770515457e-05,0.0005303153884597123,0.9993947744369507,True,✓ 正确
虽然这只是一个微不足道的举动，但却温暖了我的心,bidirectional,2,双向,bidirectional,双向,2,0.9995978474617004,5.695275467587635e-05,0.00034521479392424226,0.9995978474617004,True,✓ 正确
她不仅精通业务，而且管理能力也很强,bidirectional,2,双向,bidirectional,双向,2,0.9987986087799072,8.851810707710683e-05,0.001112950500100851,0.9987986087799072,True,✓ 正确
这既是一次深刻的教训，也是一笔宝贵的财富,bidirectional,2,双向,bidirectional,双向,2,0.9889856576919556,0.0005682595656253397,0.010446099564433098,0.9889856576919556,True,✓ 正确
一方面要降低成本，另一方面要提高产品质量,bidirectional,2,双向,bidirectional,双向,2,0.9993997812271118,6.924592889845371e-05,0.0005310300621204078,0.9993997812271118,True,✓ 正确
尽管他身处逆境，但是从未失去对生活的热爱,bidirectional,2,双向,bidirectional,双向,2,0.9994811415672302,7.431479025399312e-05,0.00044452209840528667,0.9994811415672302,True,✓ 正确
这部小说不仅情节引人入胜，而且文笔也十分优美,bidirectional,2,双向,bidirectional,双向,2,0.8694084286689758,0.013414141722023487,0.11717743426561356,0.8694084286689758,True,✓ 正确
他既是项目的发起人，也是主要的执行者,bidirectional,2,双向,bidirectional,双向,2,0.9972050786018372,0.00019275837985333055,0.002602074295282364,0.9972050786018372,True,✓ 正确
一方面要加强团队合作，另一方面也要发挥个人特长,bidirectional,2,双向,bidirectional,双向,2,0.9994031190872192,6.771327025489882e-05,0.0005291853449307382,0.9994031190872192,True,✓ 正确
虽然结果不尽如人意，但是我们已经尽力了,bidirectional,2,双向,bidirectional,双向,2,0.9995793700218201,5.6423683417961e-05,0.0003641585644800216,0.9995793700218201,True,✓ 正确
这不仅是一份工作，更是一份沉甸甸的责任,bidirectional,2,双向,bidirectional,双向,2,0.9939800500869751,0.00026430506841279566,0.005755661055445671,0.9939800500869751,True,✓ 正确
这个城市既保留了历史建筑，也规划了现代化的新区,bidirectional,2,双向,left,左向(因果),0,0.5058854818344116,0.5058854818344116,0.3876551389694214,0.1064593642950058,False,✗ 错误
一方面要大胆假设，另一方面要小心求证,bidirectional,2,双向,bidirectional,双向,2,0.9993925094604492,6.900178414070979e-05,0.0005385091644711792,0.9993925094604492,True,✓ 正确
尽管有很多人反对，但他还是坚持自己的想法,bidirectional,2,双向,bidirectional,双向,2,0.9995003938674927,7.053171430015936e-05,0.00042906467569991946,0.9995003938674927,True,✓ 正确
他不仅自己学习，还经常帮助同学解决难题,bidirectional,2,双向,bidirectional,双向,2,0.9982129335403442,9.72781126620248e-05,0.0016898649046197534,0.9982129335403442,True,✓ 正确
这次会议既总结了过去的经验，也部署了未来的工作,bidirectional,2,双向,bidirectional,双向,2,0.9817783832550049,0.0017046087887138128,0.016517003998160362,0.9817783832550049,True,✓ 正确
一方面要做好本职工作，另一方面要不断学习提升自己,bidirectional,2,双向,bidirectional,双向,2,0.9994001388549805,6.954204582143575e-05,0.00053032097639516,0.9994001388549805,True,✓ 正确
虽然我们来自不同的地方，但是我们有着共同的目标,bidirectional,2,双向,bidirectional,双向,2,0.9995760321617126,6.682441016891971e-05,0.00035713499528355896,0.9995760321617126,True,✓ 正确
这个产品不仅设计新颖，而且用料也非常考究,bidirectional,2,双向,right,右向(反因果),1,0.4290851652622223,0.3581157624721527,0.4290851652622223,0.21279911696910858,False,✗ 错误
这既是对个人能力的挑战，也是对团队协作的考验,bidirectional,2,双向,bidirectional,双向,2,0.9884295463562012,0.0006055112462490797,0.01096494309604168,0.9884295463562012,True,✓ 正确
一方面要看到有利条件，另一方面也要充分估计困难,bidirectional,2,双向,bidirectional,双向,2,0.9993855953216553,7.06614155205898e-05,0.0005437364452518523,0.9993855953216553,True,✓ 正确
尽管外面非常喧闹，但他依然能静下心来读书,bidirectional,2,双向,bidirectional,双向,2,0.9995009899139404,7.529174763476476e-05,0.000423713237978518,0.9995009899139404,True,✓ 正确
他不仅懂技术，而且还很了解市场,bidirectional,2,双向,bidirectional,双向,2,0.9982004165649414,9.819377009989694e-05,0.0017013360047712922,0.9982004165649414,True,✓ 正确
这个公园既是市民休闲的去处，也是城市的一张名片,bidirectional,2,双向,right,右向(反因果),1,0.39269140362739563,0.2666551172733307,0.39269140362739563,0.3406534492969513,False,✗ 错误
一方面要保持谦虚谨慎，另一方面也要有自信,bidirectional,2,双向,bidirectional,双向,2,0.9994031190872192,6.787212623748928e-05,0.0005289517575874925,0.9994031190872192,True,✓ 正确
虽然他说得很委婉，但是我还是听出了他真实的意思,bidirectional,2,双向,bidirectional,双向,2,0.99958735704422,5.133617014507763e-05,0.00036130702937953174,0.99958735704422,True,✓ 正确
这支乐队不仅演奏技巧高超，而且舞台表现力极强,bidirectional,2,双向,bidirectional,双向,2,0.9841678738594055,0.0009429188212379813,0.014889189042150974,0.9841678738594055,True,✓ 正确
这既是结束，也是一个新的开始,bidirectional,2,双向,bidirectional,双向,2,0.98896723985672,0.0005712850834243,0.010461420752108097,0.98896723985672,True,✓ 正确
一方面要遵守规则，另一方面也要懂得灵活变通,bidirectional,2,双向,bidirectional,双向,2,0.9994019269943237,6.894770194776356e-05,0.0005291443085297942,0.9994019269943237,True,✓ 正确
尽管我们失败了，但是我们从中吸取了宝贵的教训,bidirectional,2,双向,bidirectional,双向,2,0.999489426612854,7.683577860007063e-05,0.00043371267383918166,0.999489426612854,True,✓ 正确
他不仅在工作中表现出色，在家庭中也是个负责任的丈夫,bidirectional,2,双向,bidirectional,双向,2,0.9981912970542908,0.00010140844824491069,0.0017072813352569938,0.9981912970542908,True,✓ 正确
这个博物馆既有丰富的藏品，又有现代化的展览方式,bidirectional,2,双向,right,右向(反因果),1,0.5487251281738281,0.19011977314949036,0.5487251281738281,0.2611551284790039,False,✗ 错误
一方面要脚踏实地，另一方面要仰望星空,bidirectional,2,双向,bidirectional,双向,2,0.999396800994873,6.909967487445101e-05,0.0005341122159734368,0.999396800994873,True,✓ 正确
虽然我们素未谋面，但我感觉他像一位老朋友,bidirectional,2,双向,bidirectional,双向,2,0.9995772242546082,7.054970774333924e-05,0.0003521905455272645,0.9995772242546082,True,✓ 正确
这家公司不仅提供有竞争力的薪酬，而且非常注重员工的成长,bidirectional,2,双向,bidirectional,双向,2,0.9587258696556091,0.003195373108610511,0.03807872161269188,0.9587258696556091,True,✓ 正确
这既需要个人的努力，也需要团队的支持,bidirectional,2,双向,bidirectional,双向,2,0.9903736114501953,0.00048112007789313793,0.009145256131887436,0.9903736114501953,True,✓ 正确
一方面要向别人学习，另一方面也要保持自己的特色,bidirectional,2,双向,bidirectional,双向,2,0.9993970394134521,6.872673111502081e-05,0.0005342548829503357,0.9993970394134521,True,✓ 正确
尽管任务的时间很紧张，但是我们还是按时完成了,bidirectional,2,双向,bidirectional,双向,2,0.9994656443595886,7.661048584850505e-05,0.0004578117514029145,0.9994656443595886,True,✓ 正确
他不仅是一位成功的商人，也是一位热心的慈善家,bidirectional,2,双向,bidirectional,双向,2,0.9982228875160217,9.838411642704159e-05,0.0016786972992122173,0.9982228875160217,True,✓ 正确
这个假期既去了海边度假，也回老家探望了亲人,bidirectional,2,双向,right,右向(反因果),1,0.5888977646827698,0.1789415180683136,0.5888977646827698,0.2321607619524002,False,✗ 错误
一方面要敢于竞争，另一方面要善于合作,bidirectional,2,双向,bidirectional,双向,2,0.9993952512741089,6.919637235114351e-05,0.0005355280009098351,0.9993952512741089,True,✓ 正确
根据最新的销售数据，这款产品的市场份额在稳步提升,left,0,左向(因果),left,左向(因果),0,0.9993155002593994,0.9993155002593994,0.0006770820473320782,7.354437457252061e-06,True,✓ 正确
他因为航班延误，不得不在机场多等了三个小时,left,0,左向(因果),left,左向(因果),0,0.9982783794403076,0.9982783794403076,0.001678709639236331,4.2956053221132606e-05,True,✓ 正确
首先进行热身运动，然后开始正式的训练,left,0,左向(因果),left,左向(因果),0,0.9417790770530701,0.9417790770530701,0.057602956891059875,0.0006178811891004443,True,✓ 正确
听完老师的讲解后，我茅塞顿开,left,0,左向(因果),left,左向(因果),0,0.9992076754570007,0.9992076754570007,0.000779545574914664,1.2902983144158497e-05,True,✓ 正确
由于原材料价格上涨，导致生产成本增加,left,0,左向(因果),left,左向(因果),0,0.9995490908622742,0.9995490908622742,0.00044133872142992914,9.561446859152056e-06,True,✓ 正确
他先是在门口徘徊了一会儿，然后鼓起勇气走了进去,left,0,左向(因果),left,左向(因果),0,0.9994774460792542,0.9994774460792542,0.0005138285923749208,8.722440725250635e-06,True,✓ 正确
按照公司的流程，所有报销都需要主管签字,left,0,左向(因果),left,左向(因果),0,0.950690507888794,0.950690507888794,0.04885439574718475,0.0004550732555799186,True,✓ 正确
因为一个偶然的机会，他进入了这个行业,left,0,左向(因果),left,左向(因果),0,0.9980752468109131,0.9980752468109131,0.0018781557446345687,4.658522811951116e-05,True,✓ 正确
他泡好一杯茶，接着坐在窗边静静地看书,left,0,左向(因果),left,左向(因果),0,0.9976389408111572,0.9976389408111572,0.0022826872300356627,7.840270700398833e-05,True,✓ 正确
根据牛顿第二定律，力等于质量乘以加速度,left,0,左向(因果),left,左向(因果),0,0.9992514252662659,0.9992514252662659,0.0007403421914204955,8.247095138358418e-06,True,✓ 正确
为了提高睡眠质量，他睡前会听一些轻音乐,left,0,左向(因果),left,左向(因果),0,0.9993653893470764,0.9993653893470764,0.0006270586745813489,7.5964608186041005e-06,True,✓ 正确
我们首先要评估风险，然后才能做出决策,left,0,左向(因果),left,左向(因果),0,0.997270405292511,0.997270405292511,0.0026074692141264677,0.00012204928498249501,True,✓ 正确
由于交通管制，请过往车辆注意绕行,left,0,左向(因果),left,左向(因果),0,0.9993788003921509,0.9993788003921509,0.0006075300625525415,1.365151911159046e-05,True,✓ 正确
比赛结束后，获胜的队伍欢呼庆祝,left,0,左向(因果),left,左向(因果),0,0.9979426264762878,0.9979426264762878,0.0020293835550546646,2.7926333132199943e-05,True,✓ 正确
根据专家的建议，我们调整了治疗方案,left,0,左向(因果),left,左向(因果),0,0.9992214441299438,0.9992214441299438,0.0007682829163968563,1.0214427675236948e-05,True,✓ 正确
他先是感到一丝不安，接着这种感觉越来越强烈,left,0,左向(因果),left,左向(因果),0,0.9994875192642212,0.9994875192642212,0.0005040263058617711,8.456850082438905e-06,True,✓ 正确
为了保护个人隐私，请不要随意透露个人信息,left,0,左向(因果),left,左向(因果),0,0.9994856119155884,0.9994856119155884,0.0005063535063527524,8.010129931790289e-06,True,✓ 正确
他登录游戏账号，然后邀请朋友一起组队,left,0,左向(因果),left,左向(因果),0,0.9691898822784424,0.9691898822784424,0.02576177567243576,0.005048381630331278,True,✓ 正确
因为观点不同，两位学者展开了激烈的辩论,left,0,左向(因果),left,左向(因果),0,0.9972817897796631,0.9972817897796631,0.002656956436112523,6.127724918769673e-05,True,✓ 正确
我们首先要定义清晰的目标，这是成功的第一步,left,0,左向(因果),left,左向(因果),0,0.997269332408905,0.997269332408905,0.0026084487326443195,0.000122239493066445,True,✓ 正确
他讲完一个笑话，接着自己先笑了起来,left,0,左向(因果),left,左向(因果),0,0.9822423458099365,0.9822423458099365,0.013577875681221485,0.004179711919277906,True,✓ 正确
根据租赁合同，房租应在每月初支付,left,0,左向(因果),left,左向(因果),0,0.9992948770523071,0.9992948770523071,0.0006969469832256436,8.051193617575336e-06,True,✓ 正确
为了开阔眼界，他决定去国外留学,left,0,左向(因果),left,左向(因果),0,0.9994708895683289,0.9994708895683289,0.0005232119583524764,5.901875738345552e-06,True,✓ 正确
他先是快速浏览了一遍，然后开始仔细阅读,left,0,左向(因果),left,左向(因果),0,0.9994650483131409,0.9994650483131409,0.0005257535958662629,9.217389560944866e-06,True,✓ 正确
由于系统维护，网站将在今晚暂停服务,left,0,左向(因果),left,左向(因果),0,0.9993525147438049,0.9993525147438049,0.0006316168582998216,1.586136204423383e-05,True,✓ 正确
他穿上跑鞋，然后出门去晨跑,left,0,左向(因果),left,左向(因果),0,0.9855355024337769,0.9855355024337769,0.013256782665848732,0.001207802095450461,True,✓ 正确
按照事情的轻重缓急，他列出了一天的工作计划,left,0,左向(因果),left,左向(因果),0,0.9333218336105347,0.9333218336105347,0.06612002849578857,0.0005580391734838486,True,✓ 正确
因为他的坚持和努力，梦想最终变成了现实,left,0,左向(因果),left,左向(因果),0,0.9981739521026611,0.9981739521026611,0.0017850275617092848,4.1104522097157314e-05,True,✓ 正确
会议讨论并通过了下一季度的预算方案,left,0,左向(因果),left,左向(因果),0,0.996161699295044,0.996161699295044,0.003744046436622739,9.426523320144042e-05,True,✓ 正确
为了让孩子养成好习惯，父母需要以身作则,left,0,左向(因果),left,左向(因果),0,0.999570906162262,0.999570906162262,0.00042331937584094703,5.6798012337822e-06,True,✓ 正确
他首先肯定了大家的努力，然后指出了存在的问题,left,0,左向(因果),left,左向(因果),0,0.9967225193977356,0.9967225193977356,0.003182729473337531,9.486750059295446e-05,True,✓ 正确
由于缺乏沟通，团队成员之间产生了隔阂,left,0,左向(因果),left,左向(因果),0,0.999445378780365,0.999445378780365,0.0005409226869232953,1.3746625882049557e-05,True,✓ 正确
他写完代码，接着进行了一系列的测试,left,0,左向(因果),left,左向(因果),0,0.9273533225059509,0.9273533225059509,0.06456779688596725,0.00807897001504898,True,✓ 正确
根据历史经验，我们可以预测未来的一些趋势,left,0,左向(因果),left,左向(因果),0,0.9991753697395325,0.9991753697395325,0.0008135812822729349,1.1053962225560099e-05,True,✓ 正确
为了抓住这个机会，他做了大量的准备工作,left,0,左向(因果),left,左向(因果),0,0.9994389414787292,0.9994389414787292,0.0005535379168577492,7.552636361651821e-06,True,✓ 正确
他先是感到震惊，然后是愤怒，最后是无奈,left,0,左向(因果),left,左向(因果),0,0.9994847774505615,0.9994847774505615,0.0005067758029326797,8.50694596010726e-06,True,✓ 正确
因为热爱这份事业，所以他愿意为之奉献一切,left,0,左向(因果),left,左向(因果),0,0.9979356527328491,0.9979356527328491,0.002016918733716011,4.744066609418951e-05,True,✓ 正确
警报响起后，所有人员立即有序撤离,left,0,左向(因果),left,左向(因果),0,0.9979231953620911,0.9979231953620911,0.001876161783002317,0.0002006370050366968,True,✓ 正确
按照医生的嘱咐，他需要按时服药并注意休息,left,0,左向(因果),left,左向(因果),0,0.9516761302947998,0.9516761302947998,0.04790560528635979,0.0004183093551546335,True,✓ 正确
由于天气晴朗，今天非常适合进行户外活动,left,0,左向(因果),left,左向(因果),0,0.999481737613678,0.999481737613678,0.0005067206220701337,1.1501719200168736e-05,True,✓ 正确
他首先学习了基础语法，然后开始尝试编写小程序,left,0,左向(因果),left,左向(因果),0,0.9966127276420593,0.9966127276420593,0.0032883984968066216,9.88580723060295e-05,True,✓ 正确
为了找到最佳路线，他使用了导航软件,left,0,左向(因果),left,左向(因果),0,0.9993007183074951,0.9993007183074951,0.0006889649666845798,1.021549087454332e-05,True,✓ 正确
他倒了一杯咖啡，接着开始处理堆积如山的文件,left,0,左向(因果),left,左向(因果),0,0.9969940185546875,0.9969940185546875,0.0028902359772473574,0.00011579535203054547,True,✓ 正确
根据市场调研结果，消费者更倾向于这种包装,left,0,左向(因果),left,左向(因果),0,0.999347984790802,0.999347984790802,0.0006454964750446379,6.578815828106599e-06,True,✓ 正确
因为一个承诺，他在这里等了十年,left,0,左向(因果),left,左向(因果),0,0.9979912042617798,0.9979912042617798,0.001959647750481963,4.907777110929601e-05,True,✓ 正确
他先是学会了走路，然后学会了奔跑,left,0,左向(因果),left,左向(因果),0,0.99946528673172,0.99946528673172,0.0005257101147435606,9.09674145077588e-06,True,✓ 正确
为了达成和解，双方都做出了一些让步,left,0,左向(因果),left,左向(因果),0,0.9994414448738098,0.9994414448738098,0.0005505752051249146,7.939480383356567e-06,True,✓ 正确
他点击发送按钮，然后长舒了一口气,left,0,左向(因果),left,左向(因果),0,0.9162464141845703,0.9162464141845703,0.0725696012377739,0.011184019967913628,True,✓ 正确
由于技术革新，许多传统行业受到了冲击,left,0,左向(因果),left,左向(因果),0,0.9994907379150391,0.9994907379150391,0.0004976950003765523,1.1528925824677572e-05,True,✓ 正确
我们首先要学会倾听，然后才是表达,left,0,左向(因果),left,左向(因果),0,0.9972636699676514,0.9972636699676514,0.0026137277018278837,0.00012259114009793848,True,✓ 正确
他看起来很和善，没想到内心如此阴暗,right,1,右向(反因果),right,右向(反因果),1,0.9980923533439636,0.0008046864531934261,0.9980923533439636,0.0011029556626453996,True,✓ 正确
我一直以为他是开玩笑的，原来他说的都是真的,right,1,右向(反因果),right,右向(反因果),1,0.550285279750824,0.4454384446144104,0.550285279750824,0.004276256076991558,True,✓ 正确
我怎么也想不起那个单词，才发现它就在嘴边,right,1,右向(反因果),right,右向(反因果),1,0.5928411483764648,0.38864973187446594,0.5928411483764648,0.01850912533700466,True,✓ 正确
这场比赛起初势均力敌，后来证明一方的战术更胜一筹,right,1,右向(反因果),right,右向(反因果),1,0.9273549318313599,0.03945538029074669,0.9273549318313599,0.033189717680215836,True,✓ 正确
他声称自己是受害者，事实上他才是整个事件的策划者,right,1,右向(反因果),right,右向(反因果),1,0.9885198473930359,0.0010460428893566132,0.9885198473930359,0.010434160940349102,True,✓ 正确
所有人都以为他放弃了，真相是他正在准备一个大招,right,1,右向(反因果),right,右向(反因果),1,0.9999045133590698,1.602086740604136e-05,0.9999045133590698,7.944375101942569e-05,True,✓ 正确
那栋大楼突然停电了，原来是电路发生了故障,right,1,右向(反因果),right,右向(反因果),1,0.9999594688415527,2.5292312784586102e-05,0.9999594688415527,1.5285593690350652e-05,True,✓ 正确
我一直觉得他很普通，没想到他有那么惊人的才华,right,1,右向(反因果),left,左向(因果),0,0.6148024201393127,0.6148024201393127,0.38150933384895325,0.003688244381919503,False,✗ 错误
这个复杂的数学问题，最后才发现有一个非常简单的解法,right,1,右向(反因果),right,右向(反因果),1,0.5302233695983887,0.3489723205566406,0.5302233695983887,0.1208043172955513,True,✓ 正确
那段被尘封的历史，后来证明与我们现在的生活息息相关,right,1,右向(反因果),right,右向(反因果),1,0.9999523162841797,3.056492278119549e-05,0.9999523162841797,1.713570782158058e-05,True,✓ 正确
他表面上答应了你的要求，事实上根本没打算去做,right,1,右向(反因果),right,右向(反因果),1,0.9087294936180115,0.03767155483365059,0.9087294936180115,0.05359901115298271,True,✓ 正确
我以为今天的工作很少，没想到临时又增加了好几项,right,1,右向(反因果),right,右向(反因果),1,0.8949853181838989,0.10281146317720413,0.8949853181838989,0.0022032251581549644,True,✓ 正确
那个看似偶然的发现，原来是科学家多年努力的结果,right,1,右向(反因果),right,右向(反因果),1,0.9999473094940186,4.160897515248507e-05,0.9999473094940186,1.1068917956436053e-05,True,✓ 正确
我找遍了所有文件夹，才发现那个文件被我不小心删除了,right,1,右向(反因果),left,左向(因果),0,0.9775445461273193,0.9775445461273193,0.02151690237224102,0.0009385911980643868,False,✗ 错误
大家起初都怀疑他的能力，后来证明他完全可以胜任,right,1,右向(反因果),right,右向(反因果),1,0.999751627445221,0.00014733971329405904,0.999751627445221,0.0001010897831292823,True,✓ 正确
这个地方看起来很安全，事实上是犯罪高发区,right,1,右向(反因果),right,右向(反因果),1,0.4533710181713104,0.39079034328460693,0.4533710181713104,0.15583860874176025,True,✓ 正确
我以为我们的关系坚不可摧，没想到如此不堪一击,right,1,右向(反因果),right,右向(反因果),1,0.8564531207084656,0.14140698313713074,0.8564531207084656,0.0021399313118308783,True,✓ 正确
那个古老的传说，原来并不仅仅是故事那么简单,right,1,右向(反因果),right,右向(反因果),1,0.9999395608901978,5.0689548515947536e-05,0.9999395608901978,9.70075598161202e-06,True,✓ 正确
我一直打不开门，才发现我拿错了钥匙,right,1,右向(反因果),left,左向(因果),0,0.7816929817199707,0.7816929817199707,0.2157687395811081,0.002538258908316493,False,✗ 错误
他为自己的失败找了很多借口，后来证明只是因为他不够努力,right,1,右向(反因果),right,右向(反因果),1,0.7716649174690247,0.00422147661447525,0.7716649174690247,0.22411364316940308,True,✓ 正确
他总是把事情说得天花乱坠，事实上大部分都是夸大其词,right,1,右向(反因果),right,右向(反因果),1,0.9645734429359436,0.009597702883183956,0.9645734429359436,0.025828847661614418,True,✓ 正确
我以为面试进行得很顺利，没想到最终还是被拒绝了,right,1,右向(反因果),right,右向(反因果),1,0.8828856348991394,0.1148926243185997,0.8828856348991394,0.0022217256482690573,True,✓ 正确
那片荒芜的土地，原来曾经是一个繁华的王国,right,1,右向(反因果),right,右向(反因果),1,0.9999017715454102,8.428821456618607e-05,0.9999017715454102,1.3882001439924352e-05,True,✓ 正确
我反复确认了地址，才发现是导航把我带到了错误的地方,right,1,右向(反因果),right,右向(反因果),1,0.5627315044403076,0.4342626631259918,0.5627315044403076,0.0030058117117732763,True,✓ 正确
他的行为在当时被很多人不理解，后来证明他是对的,right,1,右向(反因果),right,右向(反因果),1,0.9878230094909668,0.011602864600718021,0.9878230094909668,0.0005740477936342359,True,✓ 正确
他总是表现得很快乐，事实上他承受着巨大的痛苦,right,1,右向(反因果),right,右向(反因果),1,0.9837744235992432,0.004396938253194094,0.9837744235992432,0.01182862650603056,True,✓ 正确
我以为这只是一个普通的夜晚，没想到会发生那么多事情,right,1,右向(反因果),right,右向(反因果),1,0.884394109249115,0.11305088549852371,0.884394109249115,0.0025550660211592913,True,✓ 正确
那个神秘的洞穴深处，原来藏着令人惊叹的钟乳石,right,1,右向(反因果),right,右向(反因果),1,0.9999545812606812,3.4176558983745053e-05,0.9999545812606812,1.1229796655243263e-05,True,✓ 正确
我一直以为是软件出了问题，才发现是我的操作不当,right,1,右向(反因果),right,右向(反因果),1,0.5559363961219788,0.4396921396255493,0.5559363961219788,0.004371475428342819,True,✓ 正确
他最初的投资并不被看好，后来证明他的商业眼光非常独到,right,1,右向(反因果),right,右向(反因果),1,0.9875876307487488,0.002104314276948571,0.9875876307487488,0.010308078490197659,True,✓ 正确
他总是表现得很慷慨，事实上他非常吝啬,right,1,右向(反因果),right,右向(反因果),1,0.983991265296936,0.00437580980360508,0.983991265296936,0.01163298636674881,True,✓ 正确
我以为这场雨很快就会停，没想到下了一整天,right,1,右向(反因果),right,右向(反因果),1,0.8955106139183044,0.10230512917041779,0.8955106139183044,0.002184278331696987,True,✓ 正确
那首被遗忘的老歌，原来背后有一个感人的爱情故事,right,1,右向(反因果),right,右向(反因果),1,0.9998146891593933,0.0001696703111520037,0.9998146891593933,1.571944449096918e-05,True,✓ 正确
我找了半天也没找到遥控器，才发现它被压在沙发垫下面了,right,1,右向(反因果),left,左向(因果),0,0.8525137305259705,0.8525137305259705,0.14394611120224,0.0035401617642492056,False,✗ 错误
所有人都以为他疯了，后来证明他是个超越时代的天才,right,1,右向(反因果),right,右向(反因果),1,0.9999042749404907,1.6038658941397443e-05,0.9999042749404907,7.963359530549496e-05,True,✓ 正确
他声称这项技术是原创的，事实上是窃取了他人的研究成果,right,1,右向(反因果),right,右向(反因果),1,0.9825791120529175,0.0013606554130092263,0.9825791120529175,0.016060244292020798,True,✓ 正确
我以为我已经做好了心理准备，没想到当事情发生时还是崩溃了,right,1,右向(反因果),right,右向(反因果),1,0.8665611147880554,0.13140086829662323,0.8665611147880554,0.0020380436908453703,True,✓ 正确
那幅看似杂乱的涂鸦，原来是一位著名艺术家的早期作品,right,1,右向(反因果),right,右向(反因果),1,0.9999468326568604,3.751306212507188e-05,0.9999468326568604,1.571065695316065e-05,True,✓ 正确
我一直连不上Wi-Fi，才发现是把密码输错了,right,1,右向(反因果),left,左向(因果),0,0.7311382293701172,0.7311382293701172,0.26556479930877686,0.00329690333455801,False,✗ 错误
虽然他有很多缺点，但他依然是我最好的朋友,bidirectional,2,双向,bidirectional,双向,2,0.9995986819267273,5.667306686518714e-05,0.00034459633752703667,0.9995986819267273,True,✓ 正确
这家餐厅不仅菜做得好吃，服务态度也特别好,bidirectional,2,双向,bidirectional,双向,2,0.9479277729988098,0.004250491503626108,0.04782180115580559,0.9479277729988098,True,✓ 正确
这个计划既有挑战性，也充满了机遇,bidirectional,2,双向,bidirectional,双向,2,0.4403759241104126,0.1433231383562088,0.416300892829895,0.4403759241104126,True,✓ 正确
一方面要注重知识的传授，另一方面要培养学生的能力,bidirectional,2,双向,bidirectional,双向,2,0.99940025806427,6.834674422862008e-05,0.0005313327419571579,0.99940025806427,True,✓ 正确
尽管外面风雨交加，但他必须马上出门,bidirectional,2,双向,bidirectional,双向,2,0.999498724937439,7.562750397482887e-05,0.0004255700914654881,0.999498724937439,True,✓ 正确
他不仅是团队的大脑，也是团队的精神领袖,bidirectional,2,双向,bidirectional,双向,2,0.998206377029419,9.93463399936445e-05,0.0016942898510023952,0.998206377029419,True,✓ 正确
这个小镇既有美丽的自然风光，也有宁静的生活节奏,bidirectional,2,双向,right,右向(反因果),1,0.49325186014175415,0.13936565816402435,0.49325186014175415,0.3673825263977051,False,✗ 错误
一方面，我们要面对现实；另一方面，我们也要怀揣梦想,bidirectional,2,双向,bidirectional,双向,2,0.999390721321106,7.529277354478836e-05,0.0005339751951396465,0.999390721321106,True,✓ 正确
虽然这只是一个小小的善举，但足以改变一个人的一生,bidirectional,2,双向,bidirectional,双向,2,0.9995972514152527,5.680967296939343e-05,0.0003459043218754232,0.9995972514152527,True,✓ 正确
她不仅有出众的外貌，更有丰富的内涵,bidirectional,2,双向,bidirectional,双向,2,0.998801589012146,8.804495155345649e-05,0.0011104517616331577,0.998801589012146,True,✓ 正确
这次改革既涉及利益的调整，也涉及观念的更新,bidirectional,2,双向,bidirectional,双向,2,0.9817007184028625,0.0012838360853493214,0.01701551303267479,0.9817007184028625,True,✓ 正确
一方面要做好风险控制，另一方面要敢于抓住机会,bidirectional,2,双向,bidirectional,双向,2,0.9993964433670044,6.989797111600637e-05,0.0005336199537850916,0.9993964433670044,True,✓ 正确
尽管身体感到疲惫，但他的精神依然高度集中,bidirectional,2,双向,bidirectional,双向,2,0.9994638562202454,7.766605995129794e-05,0.00045847828732803464,0.9994638562202454,True,✓ 正确
这个项目不仅为公司创造了利润，也提升了公司的品牌形象,bidirectional,2,双向,right,右向(反因果),1,0.4198305010795593,0.32042112946510315,0.4198305010795593,0.2597484290599823,False,✗ 错误
他既是严格的教练，也是慈祥的父亲,bidirectional,2,双向,bidirectional,双向,2,0.9970999956130981,0.0002031075127888471,0.00269691227003932,0.9970999956130981,True,✓ 正确
一方面要加强内部管理，另一方面要拓展外部合作,bidirectional,2,双向,bidirectional,双向,2,0.9994024038314819,6.776988448109478e-05,0.0005297702155075967,0.9994024038314819,True,✓ 正确
虽然离成功还有很长的路要走，但我们已经看到了希望,bidirectional,2,双向,bidirectional,双向,2,0.9995790123939514,6.000033317832276e-05,0.0003608854312915355,0.9995790123939514,True,✓ 正确
这不仅是一场体育比赛，更是一场文化交流活动,bidirectional,2,双向,bidirectional,双向,2,0.9939239621162415,0.00026520792744122446,0.005810880102217197,0.9939239621162415,True,✓ 正确
这个设计既体现了东方美学，也融合了西方元素,bidirectional,2,双向,right,右向(反因果),1,0.41078364849090576,0.19687215983867645,0.41078364849090576,0.392344206571579,False,✗ 错误
一方面要肯定过去的成就，另一方面要着眼于未来的发展,bidirectional,2,双向,bidirectional,双向,2,0.999395489692688,6.874202517792583e-05,0.0005357631598599255,0.999395489692688,True,✓ 正确
尽管他解释了很多遍，但是没有人相信他,bidirectional,2,双向,bidirectional,双向,2,0.9994757771492004,7.421793998219073e-05,0.0004500109935179353,0.9994757771492004,True,✓ 正确
这支股票不仅具有投资价值，而且还有很高的成长潜力,bidirectional,2,双向,bidirectional,双向,2,0.9785192608833313,0.0015373544301837683,0.019943423569202423,0.9785192608833313,True,✓ 正确
这次经历既让我增长了知识，也让我学会了成长,bidirectional,2,双向,bidirectional,双向,2,0.9819216728210449,0.0017649094806984067,0.016313379630446434,0.9819216728210449,True,✓ 正确
一方面要满足大众的需求，另一方面要引领审美的潮流,bidirectional,2,双向,bidirectional,双向,2,0.9994016885757446,6.882707384647802e-05,0.0005294851725921035,0.9994016885757446,True,✓ 正确
虽然我们分开了，但我会永远记得那些美好的时光,bidirectional,2,双向,bidirectional,双向,2,0.9995694756507874,7.20497191650793e-05,0.0003584791556932032,0.9995694756507874,True,✓ 正确
这个系统不仅运行稳定，而且扩展性也很强,bidirectional,2,双向,right,右向(反因果),1,0.4507802724838257,0.21232947707176208,0.4507802724838257,0.33689019083976746,False,✗ 错误
这既是时代的呼唤，也是历史的必然,bidirectional,2,双向,bidirectional,双向,2,0.9883070588111877,0.000583917775657028,0.011109027080237865,0.9883070588111877,True,✓ 正确
一方面要尊重个人选择，另一方面要维护集体利益,bidirectional,2,双向,bidirectional,双向,2,0.9993994235992432,6.86459316057153e-05,0.0005319460178725421,0.9993994235992432,True,✓ 正确
尽管对手非常强大，但我们有勇气挑战他们,bidirectional,2,双向,bidirectional,双向,2,0.9994645714759827,7.374974666163325e-05,0.00046168561675585806,0.9994645714759827,True,✓ 正确
他不仅在自己的领域取得了成就，还积极参与公益事业,bidirectional,2,双向,bidirectional,双向,2,0.9982084035873413,9.899000724544749e-05,0.001692573307082057,0.9982084035873413,True,✓ 正确
这个建筑既是地标，也是一件艺术品,bidirectional,2,双向,right,右向(反因果),1,0.4579226076602936,0.25171467661857605,0.4579226076602936,0.29036274552345276,False,✗ 错误
一方面要学习理论，另一方面要勇于实践,bidirectional,2,双向,bidirectional,双向,2,0.9994035959243774,6.938039587112144e-05,0.000527077994775027,0.9994035959243774,True,✓ 正确
虽然他外表看起来很严肃，但其实是个很幽默的人,bidirectional,2,双向,bidirectional,双向,2,0.9995823502540588,6.099087477196008e-05,0.00035659378045238554,0.9995823502540588,True,✓ 正确
这部纪录片不仅内容翔实，而且拍摄手法也很有创意,bidirectional,2,双向,bidirectional,双向,2,0.7727667093276978,0.055663589388132095,0.17156977951526642,0.7727667093276978,True,✓ 正确
这既考验你的智力，也考验你的耐心,bidirectional,2,双向,bidirectional,双向,2,0.9901358485221863,0.0005087138270027936,0.009355415590107441,0.9901358485221863,True,✓ 正确
一方面要发扬优点，另一方面要改进不足,bidirectional,2,双向,bidirectional,双向,2,0.9994022846221924,7.024373189778998e-05,0.000527461466845125,0.9994022846221924,True,✓ 正确
尽管现实很残酷，但我们不能失去对未来的希望,bidirectional,2,双向,bidirectional,双向,2,0.9994713664054871,7.408183591905981e-05,0.00045459612738341093,0.9994713664054871,True,✓ 正确
他不仅是我的榜样，也是我努力追赶的目标,bidirectional,2,双向,bidirectional,双向,2,0.9982209801673889,9.860164573183283e-05,0.001680303830653429,0.9982209801673889,True,✓ 正确
这个节日既是家庭团聚的日子，也是怀念先人的时刻,bidirectional,2,双向,bidirectional,双向,2,0.5685247778892517,0.08384784311056137,0.3476274013519287,0.5685247778892517,True,✓ 正确
一方面要快速迭代，另一方面要保证产品质量,bidirectional,2,双向,bidirectional,双向,2,0.999403715133667,6.80506564094685e-05,0.000528296921402216,0.999403715133667,True,✓ 正确
